"26年03月","材料使用計画表","単位:材料=Kg 部品=個","作成日：","西暦26/03/16"
"部番","品名","在庫予定",,"合計","01*","02 ","03 ","04 ","05 ","06 ","07*","08*","09 ","10 ","11 ","12 ","13 ","14*","15*","16 ","17 ","18 ","19 ","20*","21*","22*","23 ","24 ","25 ","26 ","27 ","28*","29*","30 ","31 "
"5-0290","ﾊﾈｸﾞﾙﾏ ｼｬﾌﾄ",,"実在庫",,,,,,,,,,,,,,,,,,,,,,,,,,,,,,,,
"5-0290","ﾊﾈｸﾞﾙﾏ ｼｬﾌﾄ",,"実使用",,,,,,,,,,,,,,,,,,,,,,,,,,,,,,,,
"5-0290","ﾊﾈｸﾞﾙﾏ ｼｬﾌﾄ",,"発注",,,,,,,,,,,,,,,,,,,,,,,,,,,,,,,,
"5-0290","ﾊﾈｸﾞﾙﾏ ｼｬﾌﾄ",,"納入",,,,,,,,,,,,,,,,,,,,,,,,,,,,,,,,
"5-0290","ﾊﾈｸﾞﾙﾏ ｼｬﾌﾄ",,"予定在庫",,,,,,,,,,,,,,,,,,,,,,,,,,,,,,,,
"5-0290","ﾊﾈｸﾞﾙﾏ ｼｬﾌﾄ",,"使用計画",,,,,,,,,,,,,,,,,,,,,,,,,,,,,,,,
"5-0290","ﾊﾈｸﾞﾙﾏ ｼｬﾌﾄ",,"発注計画",,,,,,,,,,,,,,,,,,,,,,,,,,,,,,,,
"5-0390","50461-00110 ｲﾝｻｰﾄﾌﾞｯｼｭGAM",,"実在庫",,,,,,,,,,,,,,,,,,,,,,,,,,,,,,,,
"5-0390","50461-00110 ｲﾝｻｰﾄﾌﾞｯｼｭGAM",,"実使用",,,,,,,,,,,,,,,,,,,,,,,,,,,,,,,,
"5-0390","50461-00110 ｲﾝｻｰﾄﾌﾞｯｼｭGAM",,"発注",,,,,,,,,,,,,,,,,,,,,,,,,,,,,,,,
"5-0390","50461-00110 ｲﾝｻｰﾄﾌﾞｯｼｭGAM",,"納入",,,,,,,,,,,,,,,,,,,,,,,,,,,,,,,,
"5-0390","50461-00110 ｲﾝｻｰﾄﾌﾞｯｼｭGAM",,"予定在庫",,,,,,,,,,,,,,,,,,,,,,,,,,,,,,,,
"5-0390","50461-00110 ｲﾝｻｰﾄﾌﾞｯｼｭGAM",,"使用計画",,,,,,,,,,,,,,,,,,,,,,,,,,,,,,,,
"5-0390","50461-00110 ｲﾝｻｰﾄﾌﾞｯｼｭGAM",,"発注計画",,,,,,,,,,,,,,,,,,,,,,,,,,,,,,,,
"5-0391","ｳｹ",,"実在庫",5000.0,5000.0,5000.0,5000.0,5000.0,5000.0,5000.0,5000.0,5000.0,5000.0,5000.0,5000.0,5000.0,5000.0,5000.0,5000.0,34442.0,34442.0,34442.0,34442.0,34442.0,34442.0,34442.0,34442.0,34442.0,34442.0,34442.0,34442.0,34442.0,34442.0,34442.0,34442.0
"5-0391","ｳｹ",,"実使用",,,,,,,,,,,,,,,,,,,,,,,,,,,,,,,,
"5-0391","ｳｹ",,"発注",29442.0,,,,,,,,,,,,,29442.0,,,,,,,,,,,,,,,,,,
"5-0391","ｳｹ",,"納入",29442.0,,,,,,,,,,,,,,,,29442.0,,,,,,,,,,,,,,,
"5-0391","ｳｹ",-36525.0,"予定在庫",-15960.0,-15960.0,-15960.0,-15960.0,-15960.0,-15960.0,-15960.0,-15960.0,-15960.0,-15960.0,-15960.0,-15960.0,-15960.0,-15960.0,-15960.0,-15960.0,-17400.0,-18840.0,-20280.0,-21720.0,-21720.0,-21720.0,-21720.0,-23835.0,-25950.0,-28065.0,-30180.0,-32295.0,-32295.0,-32295.0,-34410.0,-36525.0
"5-0391","ｳｹ",,"使用計画",20565.0,,,,,,,,,,,,,,,,1440.0,1440.0,1440.0,1440.0,,,,2115.0,2115.0,2115.0,2115.0,2115.0,,,2115.0,2115.0
"5-0391","ｳｹ",,"発注計画",,,,,,,,,,,,,,,,,,,,,,,,,,,,,,,,
"5-1602","WR-17ホルダー",,"実在庫",2300000.0,2300000.0,3200000.0,3200000.0,3200000.0,3200000.0,3200000.0,3200000.0,3200000.0,3200000.0,3200000.0,3200000.0,3200000.0,3200000.0,3200000.0,3200000.0,3200000.0,3200000.0,3200000.0,3200000.0,3200000.0,3200000.0,3200000.0,3200000.0,3200000.0,3200000.0,2300000.0,2300000.0,2300000.0,2300000.0,2300000.0,2300000.0
"5-1602","WR-17ホルダー",,"実使用",900000.0,,,,,,,,,,,,,,,,,,,,,,,,,,900000.0,,,,,
"5-1602","WR-17ホルダー",,"発注",900000.0,,900000.0,,,,,,,,,,,,,,,,,,,,,,,,,,,,,
"5-1602","WR-17ホルダー",,"納入",900000.0,,900000.0,,,,,,,,,,,,,,,,,,,,,,,,,,,,,
"5-1602","WR-17ホルダー",,"予定在庫",,,,,,,,,,,,,,,,,,,,,,,,,,,,,,,,
"5-1602","WR-17ホルダー",,"使用計画",,,,,,,,,,,,,,,,,,,,,,,,,,,,,,,,
"5-1602","WR-17ホルダー",,"発注計画",,,,,,,,,,,,,,,,,,,,,,,,,,,,,,,,
"5-1603","コテイネジ用インサートメタル",,"実在庫",,,,,,,,,,,,,,,,,,,,,,,,,,,,,,,,
"5-1603","コテイネジ用インサートメタル",,"実使用",,,,,,,,,,,,,,,,,,,,,,,,,,,,,,,,
"5-1603","コテイネジ用インサートメタル",,"発注",180000.0,,,,,,,,,60000.0,,,,,,,,,,120000.0,,,,,,,,,,,,
"5-1603","コテイネジ用インサートメタル",,"納入",,,,,,,,,,,,,,,,,,,,,,,,,,,,,,,,
"5-1603","コテイネジ用インサートメタル",,"予定在庫",,,,,,,,,,,,,,,,,,,,,,,,,,,,,,,,
"5-1603","コテイネジ用インサートメタル",,"使用計画",,,,,,,,,,,,,,,,,,,,,,,,,,,,,,,,
"5-1603","コテイネジ用インサートメタル",,"発注計画",,,,,,,,,,,,,,,,,,,,,,,,,,,,,,,,
"5-1701","50014-00110 ｺﾃｲﾈｼﾞGAM",,"実在庫",,,,,,,,,,,,,,,,,,,,,,,,,,,,,,,,
"5-1701","50014-00110 ｺﾃｲﾈｼﾞGAM",,"実使用",,,,,,,,,,,,,,,,,,,,,,,,,,,,,,,,
"5-1701","50014-00110 ｺﾃｲﾈｼﾞGAM",,"発注",,,,,,,,,,,,,,,,,,,,,,,,,,,,,,,,
"5-1701","50014-00110 ｺﾃｲﾈｼﾞGAM",,"納入",,,,,,,,,,,,,,,,,,,,,,,,,,,,,,,,
"5-1701","50014-00110 ｺﾃｲﾈｼﾞGAM",,"予定在庫",,,,,,,,,,,,,,,,,,,,,,,,,,,,,,,,
"5-1701","50014-00110 ｺﾃｲﾈｼﾞGAM",,"使用計画",,,,,,,,,,,,,,,,,,,,,,,,,,,,,,,,
"5-1701","50014-00110 ｺﾃｲﾈｼﾞGAM",,"発注計画",,,,,,,,,,,,,,,,,,,,,,,,,,,,,,,,
"5-2501","09195-01210 ﾀｰﾐﾅﾙ(PGM-VAF)",,"実在庫",141000.0,141000.0,141000.0,141000.0,141000.0,141000.0,141000.0,141000.0,141000.0,141000.0,141000.0,141000.0,141000.0,141000.0,141000.0,141000.0,141000.0,141000.0,141000.0,141000.0,141000.0,141000.0,141000.0,141000.0,141000.0,141000.0,141000.0,141000.0,141000.0,141000.0,141000.0,141000.0
"5-2501","09195-01210 ﾀｰﾐﾅﾙ(PGM-VAF)",,"実使用",,,,,,,,,,,,,,,,,,,,,,,,,,,,,,,,
"5-2501","09195-01210 ﾀｰﾐﾅﾙ(PGM-VAF)",,"発注",,,,,,,,,,,,,,,,,,,,,,,,,,,,,,,,
"5-2501","09195-01210 ﾀｰﾐﾅﾙ(PGM-VAF)",,"納入",,,,,,,,,,,,,,,,,,,,,,,,,,,,,,,,
"5-2501","09195-01210 ﾀｰﾐﾅﾙ(PGM-VAF)",,"予定在庫",,,,,,,,,,,,,,,,,,,,,,,,,,,,,,,,
"5-2501","09195-01210 ﾀｰﾐﾅﾙ(PGM-VAF)",,"使用計画",,,,,,,,,,,,,,,,,,,,,,,,,,,,,,,,
"5-2501","09195-01210 ﾀｰﾐﾅﾙ(PGM-VAF)",,"発注計画",,,,,,,,,,,,,,,,,,,,,,,,,,,,,,,,
"5-2502","09195-01410 HFM ﾀｰﾐﾅﾙ(ｲﾝｻｰﾄﾖｳ)",,"実在庫",98000.0,98000.0,98000.0,98000.0,98000.0,98000.0,98000.0,98000.0,98000.0,98000.0,98000.0,98000.0,98000.0,98000.0,98000.0,98000.0,98000.0,98000.0,98000.0,98000.0,98000.0,98000.0,98000.0,98000.0,98000.0,98000.0,98000.0,98000.0,98000.0,98000.0,98000.0,98000.0
"5-2502","09195-01410 HFM ﾀｰﾐﾅﾙ(ｲﾝｻｰﾄﾖｳ)",,"実使用",,,,,,,,,,,,,,,,,,,,,,,,,,,,,,,,
"5-2502","09195-01410 HFM ﾀｰﾐﾅﾙ(ｲﾝｻｰﾄﾖｳ)",,"発注",,,,,,,,,,,,,,,,,,,,,,,,,,,,,,,,
"5-2502","09195-01410 HFM ﾀｰﾐﾅﾙ(ｲﾝｻｰﾄﾖｳ)",,"納入",,,,,,,,,,,,,,,,,,,,,,,,,,,,,,,,
"5-2502","09195-01410 HFM ﾀｰﾐﾅﾙ(ｲﾝｻｰﾄﾖｳ)",,"予定在庫",,,,,,,,,,,,,,,,,,,,,,,,,,,,,,,,
"5-2502","09195-01410 HFM ﾀｰﾐﾅﾙ(ｲﾝｻｰﾄﾖｳ)",,"使用計画",,,,,,,,,,,,,,,,,,,,,,,,,,,,,,,,
"5-2502","09195-01410 HFM ﾀｰﾐﾅﾙ(ｲﾝｻｰﾄﾖｳ)",,"発注計画",,,,,,,,,,,,,,,,,,,,,,,,,,,,,,,,
"5-5301","モータシャフト（SPG33,SP27)φ2X21.6",,"実在庫",,,,,,,,,,,,,,,,,,,,,,,,,,,,,,,,
"5-5301","モータシャフト（SPG33,SP27)φ2X21.6",,"実使用",,,,,,,,,,,,,,,,,,,,,,,,,,,,,,,,
"5-5301","モータシャフト（SPG33,SP27)φ2X21.6",,"発注",,,,,,,,,,,,,,,,,,,,,,,,,,,,,,,,
"5-5301","モータシャフト（SPG33,SP27)φ2X21.6",,"納入",,,,,,,,,,,,,,,,,,,,,,,,,,,,,,,,
"5-5301","モータシャフト（SPG33,SP27)φ2X21.6",,"予定在庫",,,,,,,,,,,,,,,,,,,,,,,,,,,,,,,,
"5-5301","モータシャフト（SPG33,SP27)φ2X21.6",,"使用計画",,,,,,,,,,,,,,,,,,,,,,,,,,,,,,,,
"5-5301","モータシャフト（SPG33,SP27)φ2X21.6",,"発注計画",,,,,,,,,,,,,,,,,,,,,,,,,,,,,,,,
"5-5302","ロータクミ（PLM10）　　　 φ1.5X18",,"実在庫",,,,,,,,,,,,,,,,,,,,,,,,,,,,,,,,
"5-5302","ロータクミ（PLM10）　　　 φ1.5X18",,"実使用",,,,,,,,,,,,,,,,,,,,,,,,,,,,,,,,
"5-5302","ロータクミ（PLM10）　　　 φ1.5X18",,"発注",,,,,,,,,,,,,,,,,,,,,,,,,,,,,,,,
"5-5302","ロータクミ（PLM10）　　　 φ1.5X18",,"納入",,,,,,,,,,,,,,,,,,,,,,,,,,,,,,,,
"5-5302","ロータクミ（PLM10）　　　 φ1.5X18",,"予定在庫",,,,,,,,,,,,,,,,,,,,,,,,,,,,,,,,
"5-5302","ロータクミ（PLM10）　　　 φ1.5X18",,"使用計画",,,,,,,,,,,,,,,,,,,,,,,,,,,,,,,,
"5-5302","ロータクミ（PLM10）　　　 φ1.5X18",,"発注計画",,,,,,,,,,,,,,,,,,,,,,,,,,,,,,,,
"5-5303","ロータシャフト（PLM20）　　φ1.5X23.6",,"実在庫",,,,,,,,,,,,,,,,,,,,,,,,,,,,,,,,
"5-5303","ロータシャフト（PLM20）　　φ1.5X23.6",,"実使用",,,,,,,,,,,,,,,,,,,,,,,,,,,,,,,,
"5-5303","ロータシャフト（PLM20）　　φ1.5X23.6",,"発注",,,,,,,,,,,,,,,,,,,,,,,,,,,,,,,,
"5-5303","ロータシャフト（PLM20）　　φ1.5X23.6",,"納入",,,,,,,,,,,,,,,,,,,,,,,,,,,,,,,,
"5-5303","ロータシャフト（PLM20）　　φ1.5X23.6",,"予定在庫",,,,,,,,,,,,,,,,,,,,,,,,,,,,,,,,
"5-5303","ロータシャフト（PLM20）　　φ1.5X23.6",,"使用計画",,,,,,,,,,,,,,,,,,,,,,,,,,,,,,,,
"5-5303","ロータシャフト（PLM20）　　φ1.5X23.6",,"発注計画",,,,,,,,,,,,,,,,,,,,,,,,,,,,,,,,
"5-5304","ロータ軸（SP25）　　　　　φ2X18.7",,"実在庫",,,,,,,,,,,,,,,,,,,,,,,,,,,,,,,,
"5-5304","ロータ軸（SP25）　　　　　φ2X18.7",,"実使用",,,,,,,,,,,,,,,,,,,,,,,,,,,,,,,,
"5-5304","ロータ軸（SP25）　　　　　φ2X18.7",,"発注",,,,,,,,,,,,,,,,,,,,,,,,,,,,,,,,
"5-5304","ロータ軸（SP25）　　　　　φ2X18.7",,"納入",,,,,,,,,,,,,,,,,,,,,,,,,,,,,,,,
"5-5304","ロータ軸（SP25）　　　　　φ2X18.7",,"予定在庫",,,,,,,,,,,,,,,,,,,,,,,,,,,,,,,,
"5-5304","ロータ軸（SP25）　　　　　φ2X18.7",,"使用計画",,,,,,,,,,,,,,,,,,,,,,,,,,,,,,,,
"5-5304","ロータ軸（SP25）　　　　　φ2X18.7",,"発注計画",,,,,,,,,,,,,,,,,,,,,,,,,,,,,,,,
"5-5305","ロータ軸（SP33,PLD27)     φ2X27.9",,"実在庫",,,,,,,,,,,,,,,,,,,,,,,,,,,,,,,,
"5-5305","ロータ軸（SP33,PLD27)     φ2X27.9",,"実使用",,,,,,,,,,,,,,,,,,,,,,,,,,,,,,,,
"5-5305","ロータ軸（SP33,PLD27)     φ2X27.9",,"発注",,,,,,,,,,,,,,,,,,,,,,,,,,,,,,,,
"5-5305","ロータ軸（SP33,PLD27)     φ2X27.9",,"納入",,,,,,,,,,,,,,,,,,,,,,,,,,,,,,,,
"5-5305","ロータ軸（SP33,PLD27)     φ2X27.9",,"予定在庫",,,,,,,,,,,,,,,,,,,,,,,,,,,,,,,,
"5-5305","ロータ軸（SP33,PLD27)     φ2X27.9",,"使用計画",,,,,,,,,,,,,,,,,,,,,,,,,,,,,,,,
"5-5305","ロータ軸（SP33,PLD27)     φ2X27.9",,"発注計画",,,,,,,,,,,,,,,,,,,,,,,,,,,,,,,,
"5-5306","モータシャフト（G39）　　　φ2.5X27.9",,"実在庫",,,,,,,,,,,,,,,,,,,,,,,,,,,,,,,,
"5-5306","モータシャフト（G39）　　　φ2.5X27.9",,"実使用",,,,,,,,,,,,,,,,,,,,,,,,,,,,,,,,
"5-5306","モータシャフト（G39）　　　φ2.5X27.9",,"発注",,,,,,,,,,,,,,,,,,,,,,,,,,,,,,,,
"5-5306","モータシャフト（G39）　　　φ2.5X27.9",,"納入",,,,,,,,,,,,,,,,,,,,,,,,,,,,,,,,
"5-5306","モータシャフト（G39）　　　φ2.5X27.9",,"予定在庫",,,,,,,,,,,,,,,,,,,,,,,,,,,,,,,,
"5-5306","モータシャフト（G39）　　　φ2.5X27.9",,"使用計画",,,,,,,,,,,,,,,,,,,,,,,,,,,,,,,,
"5-5306","モータシャフト（G39）　　　φ2.5X27.9",,"発注計画",,,,,,,,,,,,,,,,,,,,,,,,,,,,,,,,
"5-5307","モータシャフト（G39L）　　φ2.5X31.9",,"実在庫",,,,,,,,,,,,,,,,,,,,,,,,,,,,,,,,
"5-5307","モータシャフト（G39L）　　φ2.5X31.9",,"実使用",,,,,,,,,,,,,,,,,,,,,,,,,,,,,,,,
"5-5307","モータシャフト（G39L）　　φ2.5X31.9",,"発注",,,,,,,,,,,,,,,,,,,,,,,,,,,,,,,,
"5-5307","モータシャフト（G39L）　　φ2.5X31.9",,"納入",,,,,,,,,,,,,,,,,,,,,,,,,,,,,,,,
"5-5307","モータシャフト（G39L）　　φ2.5X31.9",,"予定在庫",,,,,,,,,,,,,,,,,,,,,,,,,,,,,,,,
"5-5307","モータシャフト（G39L）　　φ2.5X31.9",,"使用計画",,,,,,,,,,,,,,,,,,,,,,,,,,,,,,,,
"5-5307","モータシャフト（G39L）　　φ2.5X31.9",,"発注計画",,,,,,,,,,,,,,,,,,,,,,,,,,,,,,,,
"5-5308","セパレートシャフト（G20）　φ1.5X15.2",,"実在庫",,,,,,,,,,,,,,,,,,,,,,,,,,,,,,,,
"5-5308","セパレートシャフト（G20）　φ1.5X15.2",,"実使用",,,,,,,,,,,,,,,,,,,,,,,,,,,,,,,,
"5-5308","セパレートシャフト（G20）　φ1.5X15.2",,"発注",,,,,,,,,,,,,,,,,,,,,,,,,,,,,,,,
"5-5308","セパレートシャフト（G20）　φ1.5X15.2",,"納入",,,,,,,,,,,,,,,,,,,,,,,,,,,,,,,,
"5-5308","セパレートシャフト（G20）　φ1.5X15.2",,"予定在庫",,,,,,,,,,,,,,,,,,,,,,,,,,,,,,,,
"5-5308","セパレートシャフト（G20）　φ1.5X15.2",,"使用計画",,,,,,,,,,,,,,,,,,,,,,,,,,,,,,,,
"5-5308","セパレートシャフト（G20）　φ1.5X15.2",,"発注計画",,,,,,,,,,,,,,,,,,,,,,,,,,,,,,,,
"5-5309","ロングシャフト（SP39）　　φ2.5X31.9",,"実在庫",,,,,,,,,,,,,,,,,,,,,,,,,,,,,,,,
"5-5309","ロングシャフト（SP39）　　φ2.5X31.9",,"実使用",,,,,,,,,,,,,,,,,,,,,,,,,,,,,,,,
"5-5309","ロングシャフト（SP39）　　φ2.5X31.9",,"発注",,,,,,,,,,,,,,,,,,,,,,,,,,,,,,,,
"5-5309","ロングシャフト（SP39）　　φ2.5X31.9",,"納入",,,,,,,,,,,,,,,,,,,,,,,,,,,,,,,,
"5-5309","ロングシャフト（SP39）　　φ2.5X31.9",,"予定在庫",,,,,,,,,,,,,,,,,,,,,,,,,,,,,,,,
"5-5309","ロングシャフト（SP39）　　φ2.5X31.9",,"使用計画",,,,,,,,,,,,,,,,,,,,,,,,,,,,,,,,
"5-5309","ロングシャフト（SP39）　　φ2.5X31.9",,"発注計画",,,,,,,,,,,,,,,,,,,,,,,,,,,,,,,,
"5-5310","モーターシャフト（G27SK）",,"実在庫",,,,,,,,,,,,,,,,,,,,,,,,,,,,,,,,
"5-5310","モーターシャフト（G27SK）",,"実使用",,,,,,,,,,,,,,,,,,,,,,,,,,,,,,,,
"5-5310","モーターシャフト（G27SK）",,"発注",,,,,,,,,,,,,,,,,,,,,,,,,,,,,,,,
"5-5310","モーターシャフト（G27SK）",,"納入",,,,,,,,,,,,,,,,,,,,,,,,,,,,,,,,
"5-5310","モーターシャフト（G27SK）",,"予定在庫",,,,,,,,,,,,,,,,,,,,,,,,,,,,,,,,
"5-5310","モーターシャフト（G27SK）",,"使用計画",,,,,,,,,,,,,,,,,,,,,,,,,,,,,,,,
"5-5310","モーターシャフト（G27SK）",,"発注計画",,,,,,,,,,,,,,,,,,,,,,,,,,,,,,,,
"5-5311","シャフト（-5000）　　　　　φ1.5X12.6",,"実在庫",,,,,,,,,,,,,,,,,,,,,,,,,,,,,,,,
"5-5311","シャフト（-5000）　　　　　φ1.5X12.6",,"実使用",,,,,,,,,,,,,,,,,,,,,,,,,,,,,,,,
"5-5311","シャフト（-5000）　　　　　φ1.5X12.6",,"発注",,,,,,,,,,,,,,,,,,,,,,,,,,,,,,,,
"5-5311","シャフト（-5000）　　　　　φ1.5X12.6",,"納入",,,,,,,,,,,,,,,,,,,,,,,,,,,,,,,,
"5-5311","シャフト（-5000）　　　　　φ1.5X12.6",,"予定在庫",,,,,,,,,,,,,,,,,,,,,,,,,,,,,,,,
"5-5311","シャフト（-5000）　　　　　φ1.5X12.6",,"使用計画",,,,,,,,,,,,,,,,,,,,,,,,,,,,,,,,
"5-5311","シャフト（-5000）　　　　　φ1.5X12.6",,"発注計画",,,,,,,,,,,,,,,,,,,,,,,,,,,,,,,,
"5-5401","ＳＨＡＦＴ　Ｌ３５",,"実在庫",,,,3000.0,9000.0,9000.0,9000.0,9000.0,9000.0,9000.0,9000.0,9000.0,9000.0,9000.0,9000.0,9000.0,9000.0,9000.0,9000.0,9000.0,9000.0,9000.0,9000.0,9000.0,9000.0,9000.0,9000.0,9000.0,9000.0,9000.0,9000.0,9000.0
"5-5401","ＳＨＡＦＴ　Ｌ３５",,"実使用",9000.0,,6000.0,3000.0,,,,,,,,,,,,,,,,,,,,,,,,,,,,
"5-5401","ＳＨＡＦＴ　Ｌ３５",,"発注",36000.0,,6000.0,6000.0,6000.0,,,,,,,,,,,,,,,,,,,6000.0,6000.0,6000.0,,,,,,
"5-5401","ＳＨＡＦＴ　Ｌ３５",,"納入",18000.0,,6000.0,6000.0,6000.0,,,,,,,,,,,,,,,,,,,,,,,,,,,
"5-5401","ＳＨＡＦＴ　Ｌ３５",,"予定在庫",,,6000.0,8400.0,10800.0,7200.0,7200.0,7200.0,7200.0,7200.0,7200.0,7200.0,7200.0,7200.0,7200.0,7200.0,7200.0,7200.0,3600.0,,,,,2400.0,4800.0,7200.0,3600.0,,,,,
"5-5401","ＳＨＡＦＴ　Ｌ３５",,"使用計画",36000.0,,,3600.0,3600.0,3600.0,,,,,,,,,,,,,3600.0,3600.0,,,,3600.0,3600.0,3600.0,3600.0,3600.0,,,,
"5-5401","ＳＨＡＦＴ　Ｌ３５",,"発注計画",36000.0,,6000.0,6000.0,6000.0,,,,,,,,,,,,,,,,,,,6000.0,6000.0,6000.0,,,,,,
"5-5402","ＳＨＡＦＴ　Ｍ６",,"実在庫",,,,,,,,,,,,,,,,,,,,,,,,,,,,,,,,
"5-5402","ＳＨＡＦＴ　Ｍ６",,"実使用",,,,,,,,,,,,,,,,,,,,,,,,,,,,,,,,
"5-5402","ＳＨＡＦＴ　Ｍ６",,"発注",,,,,,,,,,,,,,,,,,,,,,,,,,,,,,,,
"5-5402","ＳＨＡＦＴ　Ｍ６",,"納入",,,,,,,,,,,,,,,,,,,,,,,,,,,,,,,,
"5-5402","ＳＨＡＦＴ　Ｍ６",22800.0,"予定在庫",22800.0,22800.0,22800.0,22800.0,22800.0,22800.0,22800.0,22800.0,22800.0,22800.0,22800.0,22800.0,22800.0,22800.0,22800.0,22800.0,22800.0,22800.0,22800.0,22800.0,22800.0,22800.0,22800.0,22800.0,22800.0,22800.0,22800.0,22800.0,22800.0,22800.0,22800.0,22800.0
"5-5402","ＳＨＡＦＴ　Ｍ６",,"使用計画",,,,,,,,,,,,,,,,,,,,,,,,,,,,,,,,
"5-5402","ＳＨＡＦＴ　Ｍ６",,"発注計画",,,,,,,,,,,,,,,,,,,,,,,,,,,,,,,,
"5-5403","ＳＨＡＦＴ　９Ｄ２８",,"実在庫",,,,,,,,,,2400.0,,,,,,,,,,,,,,,,,,,,,,
"5-5403","ＳＨＡＦＴ　９Ｄ２８",,"実使用",2400.0,,,,,,,,,,2400.0,,,,,,,,,,,,,,,,,,,,,
"5-5403","ＳＨＡＦＴ　９Ｄ２８",,"発注",2400.0,,,,,,,,,2400.0,,,,,,,,,,,,,,,,,,,,,,
"5-5403","ＳＨＡＦＴ　９Ｄ２８",,"納入",2400.0,,,,,,,,,2400.0,,,,,,,,,,,,,,,,,,,,,,
"5-5403","ＳＨＡＦＴ　９Ｄ２８",,"予定在庫",,,,,,,,,,2400.0,,,,,,,,,,,,,,,,,,,,,,
"5-5403","ＳＨＡＦＴ　９Ｄ２８",,"使用計画",2400.0,,,,,,,,,,2400.0,,,,,,,,,,,,,,,,,,,,,
"5-5403","ＳＨＡＦＴ　９Ｄ２８",,"発注計画",2400.0,,,,,,,,,2400.0,,,,,,,,,,,,,,,,,,,,,,
"5-5404","ＳＨＡＦＴ　９Ｄ４７",,"実在庫",,,,,,2400.0,,,,,,,,,,,,,,,,,,,,,,,,,,
"5-5404","ＳＨＡＦＴ　９Ｄ４７",,"実使用",2400.0,,,,,,2400.0,,,,,,,,,,,,,,,,,,,,,,,,,
"5-5404","ＳＨＡＦＴ　９Ｄ４７",,"発注",2400.0,,,,,2400.0,,,,,,,,,,,,,,,,,,,,,,,,,,
"5-5404","ＳＨＡＦＴ　９Ｄ４７",,"納入",2400.0,,,,,2400.0,,,,,,,,,,,,,,,,,,,,,,,,,,
"5-5404","ＳＨＡＦＴ　９Ｄ４７",-400.0,"予定在庫",,,,,,2400.0,1200.0,-400.0,-400.0,-400.0,-400.0,-400.0,-400.0,-400.0,-400.0,-400.0,-400.0,-400.0,-400.0,-400.0,-400.0,-400.0,-400.0,-400.0,-400.0,-400.0,-400.0,-400.0,-400.0,-400.0,-400.0,-400.0
"5-5404","ＳＨＡＦＴ　９Ｄ４７",,"使用計画",2800.0,,,,,,1200.0,1600.0,,,,,,,,,,,,,,,,,,,,,,,,
"5-5404","ＳＨＡＦＴ　９Ｄ４７",,"発注計画",2400.0,,,,,2400.0,,,,,,,,,,,,,,,,,,,,,,,,,,
"5-5405","ＳＨＡＦＴ　Ｌ３０",,"実在庫",,,,,,,,,,,,2400.0,,,,,,,,,,,,,,,,,,,,
"5-5405","ＳＨＡＦＴ　Ｌ３０",,"実使用",2400.0,,,,,,,,,,,,2400.0,,,,,,,,,,,,,,,,,,,
"5-5405","ＳＨＡＦＴ　Ｌ３０",,"発注",2400.0,,,,,,,,,,,2400.0,,,,,,,,,,,,,,,,,,,,
"5-5405","ＳＨＡＦＴ　Ｌ３０",,"納入",2400.0,,,,,,,,,,,2400.0,,,,,,,,,,,,,,,,,,,,
"5-5405","ＳＨＡＦＴ　Ｌ３０",,"予定在庫",,,,,,,,,,,,2400.0,,,,,,,,,,,,,,,,,,,,
"5-5405","ＳＨＡＦＴ　Ｌ３０",,"使用計画",2400.0,,,,,,,,,,,,2400.0,,,,,,,,,,,,,,,,,,,
"5-5405","ＳＨＡＦＴ　Ｌ３０",,"発注計画",2400.0,,,,,,,,,,,2400.0,,,,,,,,,,,,,,,,,,,,
"5-5406","ＳＨＡＦＴ　Ｌ２６",,"実在庫",,,,,,,,,,,,,,,,,,,,,,,,,,,,,,,,
"5-5406","ＳＨＡＦＴ　Ｌ２６",,"実使用",2400.0,,,,,,,,,,,,,2400.0,,,,,,,,,,,,,,,,,,
"5-5406","ＳＨＡＦＴ　Ｌ２６",,"発注",2400.0,,,,,,,,,,,,,2400.0,,,,,,,,,,,,,,,,,,
"5-5406","ＳＨＡＦＴ　Ｌ２６",,"納入",2400.0,,,,,,,,,,,,,2400.0,,,,,,,,,,,,,,,,,,
"5-5406","ＳＨＡＦＴ　Ｌ２６",,"予定在庫",,,,,,,,,,,,,,2400.0,2400.0,2400.0,,,,,,,,,,,,,,,,
"5-5406","ＳＨＡＦＴ　Ｌ２６",,"使用計画",2400.0,,,,,,,,,,,,,,,,2400.0,,,,,,,,,,,,,,,
"5-5406","ＳＨＡＦＴ　Ｌ２６",,"発注計画",2400.0,,,,,,,,,,,,,2400.0,,,,,,,,,,,,,,,,,,
"5-5501","インサートメタル",,"実在庫",50000.0,70000.0,70000.0,90000.0,110000.0,115000.0,115000.0,115000.0,115000.0,110000.0,95000.0,75000.0,60000.0,45000.0,45000.0,45000.0,45000.0,45000.0,45000.0,45000.0,45000.0,45000.0,45000.0,45000.0,45000.0,45000.0,45000.0,45000.0,45000.0,45000.0,45000.0,45000.0
"5-5501","インサートメタル",,"実使用",95000.0,,,,,15000.0,10000.0,,,5000.0,15000.0,20000.0,15000.0,15000.0,,,,,,,,,,,,,,,,,,
"5-5501","インサートメタル",,"発注",190000.0,,20000.0,20000.0,20000.0,20000.0,10000.0,,,,,,,,,,,,,,,,,20000.0,20000.0,20000.0,20000.0,20000.0,,,,
"5-5501","インサートメタル",,"納入",90000.0,20000.0,,20000.0,20000.0,20000.0,10000.0,,,,,,,,,,,,,,,,,,,,,,,,,
"5-5501","インサートメタル",-50400.0,"予定在庫",-20200.0,-20200.0,-200.0,19800.0,39800.0,49800.0,49800.0,49800.0,49800.0,39800.0,22800.0,6400.0,-10000.0,-24000.0,-24000.0,-24000.0,-38000.0,-54400.0,-54400.0,-54400.0,-54400.0,-54400.0,-54400.0,-34400.0,-30800.0,-27200.0,-23600.0,-17600.0,-17600.0,-17600.0,-34000.0,-50400.0
"5-5501","インサートメタル",,"使用計画",220200.0,,,,,10000.0,10000.0,,,10000.0,17000.0,16400.0,16400.0,14000.0,,,14000.0,16400.0,,,,,,,16400.0,16400.0,16400.0,14000.0,,,16400.0,16400.0
"5-5501","インサートメタル",,"発注計画",190000.0,,20000.0,20000.0,20000.0,20000.0,10000.0,,,,,,,,,,,,,,,,,20000.0,20000.0,20000.0,20000.0,20000.0,,,,
"5-5502","インサートメタル（刻印付）",,"実在庫",,,,,,,,,,,,,,,,,,,,,,,,,,,,,,,,
"5-5502","インサートメタル（刻印付）",,"実使用",,,,,,,,,,,,,,,,,,,,,,,,,,,,,,,,
"5-5502","インサートメタル（刻印付）",,"発注",,,,,,,,,,,,,,,,,,,,,,,,,,,,,,,,
"5-5502","インサートメタル（刻印付）",,"納入",,,,,,,,,,,,,,,,,,,,,,,,,,,,,,,,
"5-5502","インサートメタル（刻印付）",,"予定在庫",,,,,,,,,,,,,,,,,,,,,,,,,,,,,,,,
"5-5502","インサートメタル（刻印付）",,"使用計画",,,,,,,,,,,,,,,,,,,,,,,,,,,,,,,,
"5-5502","インサートメタル（刻印付）",,"発注計画",,,,,,,,,,,,,,,,,,,,,,,,,,,,,,,,
"5-5503","コテイネジ用インサートメタル",,"実在庫",-200000.0,-200000.0,-200000.0,-200000.0,-200000.0,-200000.0,-200000.0,-200000.0,-200000.0,-200000.0,-200000.0,-200000.0,-200000.0,-200000.0,-200000.0,-200000.0,-200000.0,-200000.0,-200000.0,-200000.0,-200000.0,-200000.0,-200000.0,-200000.0,-200000.0,-200000.0,-200000.0,-200000.0,-200000.0,-200000.0,-200000.0,-200000.0
"5-5503","コテイネジ用インサートメタル",,"実使用",,,,,,,,,,,,,,,,,,,,,,,,,,,,,,,,
"5-5503","コテイネジ用インサートメタル",,"発注",,,,,,,,,,,,,,,,,,,,,,,,,,,,,,,,
"5-5503","コテイネジ用インサートメタル",,"納入",,,,,,,,,,,,,,,,,,,,,,,,,,,,,,,,
"5-5503","コテイネジ用インサートメタル",,"予定在庫",,,,,,,,,,,,,,,,,,,,,,,,,,,,,,,,
"5-5503","コテイネジ用インサートメタル",,"使用計画",,,,,,,,,,,,,,,,,,,,,,,,,,,,,,,,
"5-5503","コテイネジ用インサートメタル",,"発注計画",,,,,,,,,,,,,,,,,,,,,,,,,,,,,,,,
"5-5504","インサートメタル(6L/3L用)",,"実在庫",,,,,,,,,,,,,,,,,,,,,,,,,,,,,,,,
"5-5504","インサートメタル(6L/3L用)",,"実使用",,,,,,,,,,,,,,,,,,,,,,,,,,,,,,,,
"5-5504","インサートメタル(6L/3L用)",,"発注",,,,,,,,,,,,,,,,,,,,,,,,,,,,,,,,
"5-5504","インサートメタル(6L/3L用)",,"納入",,,,,,,,,,,,,,,,,,,,,,,,,,,,,,,,
"5-5504","インサートメタル(6L/3L用)",,"予定在庫",,,,,,,,,,,,,,,,,,,,,,,,,,,,,,,,
"5-5504","インサートメタル(6L/3L用)",,"使用計画",,,,,,,,,,,,,,,,,,,,,,,,,,,,,,,,
"5-5504","インサートメタル(6L/3L用)",,"発注計画",,,,,,,,,,,,,,,,,,,,,,,,,,,,,,,,
"5-5601","ピニオンギヤ　インサート",,"実在庫",,,,,,,,,,,,,,,,,,,,,,,,,,,,,,,,
"5-5601","ピニオンギヤ　インサート",,"実使用",,,,,,,,,,,,,,,,,,,,,,,,,,,,,,,,
"5-5601","ピニオンギヤ　インサート",,"発注",,,,,,,,,,,,,,,,,,,,,,,,,,,,,,,,
"5-5601","ピニオンギヤ　インサート",,"納入",,,,,,,,,,,,,,,,,,,,,,,,,,,,,,,,
"5-5601","ピニオンギヤ　インサート",-2802200.0,"予定在庫",-1951600.0,-1951600.0,-1993800.0,-2036000.0,-2078200.0,-2114200.0,-2150200.0,-2160200.0,-2160200.0,-2196200.0,-2232200.0,-2274400.0,-2316600.0,-2356600.0,-2356600.0,-2356600.0,-2383600.0,-2425800.0,-2468000.0,-2508000.0,-2518000.0,-2518000.0,-2518000.0,-2551200.0,-2593400.0,-2635600.0,-2677800.0,-2717800.0,-2717800.0,-2717800.0,-2760000.0,-2802200.0
"5-5601","ピニオンギヤ　インサート",,"使用計画",850600.0,,42200.0,42200.0,42200.0,36000.0,36000.0,10000.0,,36000.0,36000.0,42200.0,42200.0,40000.0,,,27000.0,42200.0,42200.0,40000.0,10000.0,,,33200.0,42200.0,42200.0,42200.0,40000.0,,,42200.0,42200.0
"5-5601","ピニオンギヤ　インサート",,"発注計画",,,,,,,,,,,,,,,,,,,,,,,,,,,,,,,,
"5-5701","インサートブッシュ",,"実在庫",,,,,,,,,,,,,,,,,,,,,,,,,,,,,,,,
"5-5701","インサートブッシュ",,"実使用",,,,,,,,,,,,,,,,,,,,,,,,,,,,,,,,
"5-5701","インサートブッシュ",,"発注",,,,,,,,,,,,,,,,,,,,,,,,,,,,,,,,
"5-5701","インサートブッシュ",,"納入",,,,,,,,,,,,,,,,,,,,,,,,,,,,,,,,
"5-5701","インサートブッシュ",,"予定在庫",,,,,,,,,,,,,,,,,,,,,,,,,,,,,,,,
"5-5701","インサートブッシュ",,"使用計画",,,,,,,,,,,,,,,,,,,,,,,,,,,,,,,,
"5-5701","インサートブッシュ",,"発注計画",,,,,,,,,,,,,,,,,,,,,,,,,,,,,,,,
"5-5801","WR17ホルダー",,"実在庫",-2190000.0,-2190000.0,-2190000.0,-2190000.0,-2190000.0,-2190000.0,-2190000.0,-2190000.0,-2190000.0,-2190000.0,-2190000.0,-2190000.0,-2190000.0,-2190000.0,-2190000.0,-2190000.0,-2190000.0,-2190000.0,-2190000.0,-2190000.0,-2190000.0,-2190000.0,-2190000.0,-2190000.0,-2190000.0,-2190000.0,-2190000.0,-2190000.0,-2190000.0,-2190000.0,-2190000.0,-2190000.0
"5-5801","WR17ホルダー",,"実使用",,,,,,,,,,,,,,,,,,,,,,,,,,,,,,,,
"5-5801","WR17ホルダー",,"発注",,,,,,,,,,,,,,,,,,,,,,,,,,,,,,,,
"5-5801","WR17ホルダー",,"納入",,,,,,,,,,,,,,,,,,,,,,,,,,,,,,,,
"5-5801","WR17ホルダー",,"予定在庫",,,,,,,,,,,,,,,,,,,,,,,,,,,,,,,,
"5-5801","WR17ホルダー",,"使用計画",,,,,,,,,,,,,,,,,,,,,,,,,,,,,,,,
"5-5801","WR17ホルダー",,"発注計画",,,,,,,,,,,,,,,,,,,,,,,,,,,,,,,,
"5-5802","WR14",,"実在庫",,,,,,,,,,,,,,,,,,,,,,,,,,,,,,,,
"5-5802","WR14",,"実使用",,,,,,,,,,,,,,,,,,,,,,,,,,,,,,,,
"5-5802","WR14",,"発注",,,,,,,,,,,,,,,,,,,,,,,,,,,,,,,,
"5-5802","WR14",,"納入",,,,,,,,,,,,,,,,,,,,,,,,,,,,,,,,
"5-5802","WR14",,"予定在庫",,,,,,,,,,,,,,,,,,,,,,,,,,,,,,,,
"5-5802","WR14",,"使用計画",,,,,,,,,,,,,,,,,,,,,,,,,,,,,,,,
"5-5802","WR14",,"発注計画",,,,,,,,,,,,,,,,,,,,,,,,,,,,,,,,
"5-6201","インサートヨーク",,"実在庫",,,,,,,,,,,,,,,,,,,,,,,,,,,,,,,,
"5-6201","インサートヨーク",,"実使用",,,,,,,,,,,,,,,,,,,,,,,,,,,,,,,,
"5-6201","インサートヨーク",,"発注",,,,,,,,,,,,,,,,,,,,,,,,,,,,,,,,
"5-6201","インサートヨーク",,"納入",,,,,,,,,,,,,,,,,,,,,,,,,,,,,,,,
"5-6201","インサートヨーク",,"予定在庫",,,,,,,,,,,,,,,,,,,,,,,,,,,,,,,,
"5-6201","インサートヨーク",,"使用計画",,,,,,,,,,,,,,,,,,,,,,,,,,,,,,,,
"5-6201","インサートヨーク",,"発注計画",,,,,,,,,,,,,,,,,,,,,,,,,,,,,,,,
"5-800-1","シャフトA",,"実在庫",26000.0,26000.0,26000.0,26000.0,26000.0,26000.0,23500.0,23500.0,23500.0,21000.0,18000.0,18000.0,18000.0,18000.0,18000.0,18000.0,18000.0,18000.0,18000.0,18000.0,18000.0,18000.0,18000.0,18000.0,18000.0,18000.0,18000.0,18000.0,18000.0,18000.0,18000.0,18000.0
"5-800-1","シャフトA",,"実使用",8000.0,,,,,,2500.0,,,2500.0,3000.0,,,,,,,,,,,,,,,,,,,,,
"5-800-1","シャフトA",,"発注",,,,,,,,,,,,,,,,,,,,,,,,,,,,,,,,
"5-800-1","シャフトA",,"納入",,,,,,,,,,,,,,,,,,,,,,,,,,,,,,,,
"5-800-1","シャフトA",-16000.0,"予定在庫",-6000.0,-6000.0,-6000.0,-6000.0,-6000.0,-8000.0,-10000.0,-10000.0,-10000.0,-13000.0,-16000.0,-16000.0,-16000.0,-16000.0,-16000.0,-16000.0,-16000.0,-16000.0,-16000.0,-16000.0,-16000.0,-16000.0,-16000.0,-16000.0,-16000.0,-16000.0,-16000.0,-16000.0,-16000.0,-16000.0,-16000.0,-16000.0
"5-800-1","シャフトA",,"使用計画",10000.0,,,,,2000.0,2000.0,,,3000.0,3000.0,,,,,,,,,,,,,,,,,,,,,
"5-800-1","シャフトA",,"発注計画",,,,,,,,,,,,,,,,,,,,,,,,,,,,,,,,
"8-1101","294047　PBT 1100-211M",,"実在庫",25.0,25.0,25.0,25.0,25.0,25.0,25.0,25.0,25.0,25.0,25.0,25.0,25.0,25.0,25.0,25.0,25.0,25.0,25.0,25.0,25.0,25.0,25.0,25.0,25.0,25.0,25.0,25.0,25.0,25.0,25.0,25.0
"8-1101","294047　PBT 1100-211M",,"実使用",,,,,,,,,,,,,,,,,,,,,,,,,,,,,,,,
"8-1101","294047　PBT 1100-211M",,"発注",,,,,,,,,,,,,,,,,,,,,,,,,,,,,,,,
"8-1101","294047　PBT 1100-211M",,"納入",,,,,,,,,,,,,,,,,,,,,,,,,,,,,,,,
"8-1101","294047　PBT 1100-211M",-16.4,"予定在庫",-10.2,-10.2,-10.2,-10.2,-10.2,-10.2,-10.2,-10.2,-10.2,-10.2,-10.2,-10.2,-10.2,-10.2,-10.2,-10.2,-10.2,-10.2,-10.2,-16.4,-16.4,-16.4,-16.4,-16.4,-16.4,-16.4,-16.4,-16.4,-16.4,-16.4,-16.4,-16.4
"8-1101","294047　PBT 1100-211M",,"使用計画",6.2,,,,,,,,,,,,,,,,,,,6.2,,,,,,,,,,,,
"8-1101","294047　PBT 1100-211M",,"発注計画",,,,,,,,,,,,,,,,,,,,,,,,,,,,,,,,
"8-1102","294056　MB/TKM-9N6372-21(BK)",,"実在庫",7.0,7.0,7.0,7.0,7.0,7.0,7.0,7.0,7.0,7.0,7.0,7.0,7.0,7.0,7.0,7.0,7.0,7.0,7.0,7.0,7.0,7.0,7.0,7.0,7.0,7.0,7.0,7.0,7.0,7.0,7.0,7.0
"8-1102","294056　MB/TKM-9N6372-21(BK)",,"実使用",,,,,,,,,,,,,,,,,,,,,,,,,,,,,,,,
"8-1102","294056　MB/TKM-9N6372-21(BK)",,"発注",,,,,,,,,,,,,,,,,,,,,,,,,,,,,,,,
"8-1102","294056　MB/TKM-9N6372-21(BK)",,"納入",,,,,,,,,,,,,,,,,,,,,,,,,,,,,,,,
"8-1102","294056　MB/TKM-9N6372-21(BK)",,"予定在庫",,,,,,,,,,,,,,,,,,,,,,,,,,,,,,,,
"8-1102","294056　MB/TKM-9N6372-21(BK)",,"使用計画",,,,,,,,,,,,,,,,,,,,,,,,,,,,,,,,
"8-1102","294056　MB/TKM-9N6372-21(BK)",,"発注計画",,,,,,,,,,,,,,,,,,,,,,,,,,,,,,,,
"8-1103","ﾕﾋﾟﾀｰﾙ 58179(ﾗｲﾄｸﾞﾚｰ)",,"実在庫",13.0,13.0,11.0,11.0,36.0,36.0,25.0,25.0,25.0,25.0,25.0,25.0,25.0,25.0,25.0,25.0,25.0,25.0,25.0,25.0,25.0,25.0,25.0,25.0,25.0,25.0,25.0,25.0,25.0,25.0,25.0,25.0
"8-1103","ﾕﾋﾟﾀｰﾙ 58179(ﾗｲﾄｸﾞﾚｰ)",,"実使用",13.0,,2.0,,,,11.0,,,,,,,,,,,,,,,,,,,,,,,,,
"8-1103","ﾕﾋﾟﾀｰﾙ 58179(ﾗｲﾄｸﾞﾚｰ)",,"発注",25.0,,,,25.0,,,,,,,,,,,,,,,,,,,,,,,,,,,
"8-1103","ﾕﾋﾟﾀｰﾙ 58179(ﾗｲﾄｸﾞﾚｰ)",,"納入",25.0,,,,25.0,,,,,,,,,,,,,,,,,,,,,,,,,,,
"8-1103","ﾕﾋﾟﾀｰﾙ 58179(ﾗｲﾄｸﾞﾚｰ)",-10.3,"予定在庫",,,-10.3,-10.3,-10.3,-10.3,-10.3,-10.3,-10.3,-10.3,-10.3,-10.3,-10.3,-10.3,-10.3,-10.3,-10.3,-10.3,-10.3,-10.3,-10.3,-10.3,-10.3,-10.3,-10.3,-10.3,-10.3,-10.3,-10.3,-10.3,-10.3,-10.3
"8-1103","ﾕﾋﾟﾀｰﾙ 58179(ﾗｲﾄｸﾞﾚｰ)",,"使用計画",10.3,,10.3,,,,,,,,,,,,,,,,,,,,,,,,,,,,,
"8-1103","ﾕﾋﾟﾀｰﾙ 58179(ﾗｲﾄｸﾞﾚｰ)",,"発注計画",,,,,,,,,,,,,,,,,,,,,,,,,,,,,,,,
"8-1103-01","ﾕﾋﾟﾀｰﾙ F20-03 55022(DB)",,"実在庫",,,,,,,,,,,,,,,,,,,,,,,,,,,,,,,,
"8-1103-01","ﾕﾋﾟﾀｰﾙ F20-03 55022(DB)",,"実使用",,,,,,,,,,,,,,,,,,,,,,,,,,,,,,,,
"8-1103-01","ﾕﾋﾟﾀｰﾙ F20-03 55022(DB)",,"発注",,,,,,,,,,,,,,,,,,,,,,,,,,,,,,,,
"8-1103-01","ﾕﾋﾟﾀｰﾙ F20-03 55022(DB)",,"納入",,,,,,,,,,,,,,,,,,,,,,,,,,,,,,,,
"8-1103-01","ﾕﾋﾟﾀｰﾙ F20-03 55022(DB)",,"予定在庫",,,,,,,,,,,,,,,,,,,,,,,,,,,,,,,,
"8-1103-01","ﾕﾋﾟﾀｰﾙ F20-03 55022(DB)",,"使用計画",,,,,,,,,,,,,,,,,,,,,,,,,,,,,,,,
"8-1103-01","ﾕﾋﾟﾀｰﾙ F20-03 55022(DB)",,"発注計画",,,,,,,,,,,,,,,,,,,,,,,,,,,,,,,,
"8-1103-02","ﾕﾋﾟﾀｰﾙ F20-03 55015(ﾗｲﾄﾌﾞﾙｰ)",,"実在庫",,,,,,,,,,,,,,,,,,,,,,,,,,,,,,,,
"8-1103-02","ﾕﾋﾟﾀｰﾙ F20-03 55015(ﾗｲﾄﾌﾞﾙｰ)",,"実使用",,,,,,,,,,,,,,,,,,,,,,,,,,,,,,,,
"8-1103-02","ﾕﾋﾟﾀｰﾙ F20-03 55015(ﾗｲﾄﾌﾞﾙｰ)",,"発注",,,,,,,,,,,,,,,,,,,,,,,,,,,,,,,,
"8-1103-02","ﾕﾋﾟﾀｰﾙ F20-03 55015(ﾗｲﾄﾌﾞﾙｰ)",,"納入",,,,,,,,,,,,,,,,,,,,,,,,,,,,,,,,
"8-1103-02","ﾕﾋﾟﾀｰﾙ F20-03 55015(ﾗｲﾄﾌﾞﾙｰ)",,"予定在庫",,,,,,,,,,,,,,,,,,,,,,,,,,,,,,,,
"8-1103-02","ﾕﾋﾟﾀｰﾙ F20-03 55015(ﾗｲﾄﾌﾞﾙｰ)",,"使用計画",,,,,,,,,,,,,,,,,,,,,,,,,,,,,,,,
"8-1103-02","ﾕﾋﾟﾀｰﾙ F20-03 55015(ﾗｲﾄﾌﾞﾙｰ)",,"発注計画",,,,,,,,,,,,,,,,,,,,,,,,,,,,,,,,
"8-1104","PBT 1099X123095 J(B)",,"実在庫",,,,,,,,,,,,,,,,,,,,,,,,,,,,,,,,
"8-1104","PBT 1099X123095 J(B)",,"実使用",,,,,,,,,,,,,,,,,,,,,,,,,,,,,,,,
"8-1104","PBT 1099X123095 J(B)",,"発注",,,,,,,,,,,,,,,,,,,,,,,,,,,,,,,,
"8-1104","PBT 1099X123095 J(B)",,"納入",,,,,,,,,,,,,,,,,,,,,,,,,,,,,,,,
"8-1104","PBT 1099X123095 J(B)",,"予定在庫",,,,,,,,,,,,,,,,,,,,,,,,,,,,,,,,
"8-1104","PBT 1099X123095 J(B)",,"使用計画",,,,,,,,,,,,,,,,,,,,,,,,,,,,,,,,
"8-1104","PBT 1099X123095 J(B)",,"発注計画",,,,,,,,,,,,,,,,,,,,,,,,,,,,,,,,
"8-1105","OPﾜｯｸｽ(離型剤)",,"実在庫",1.0,1.0,1.0,1.0,1.0,1.0,1.0,1.0,1.0,1.0,1.0,1.0,1.0,1.0,1.0,1.0,1.0,1.0,1.0,1.0,1.0,1.0,1.0,1.0,1.0,1.0,1.0,1.0,1.0,1.0,1.0,1.0
"8-1105","OPﾜｯｸｽ(離型剤)",,"実使用",,,,,,,,,,,,,,,,,,,,,,,,,,,,,,,,
"8-1105","OPﾜｯｸｽ(離型剤)",,"発注",,,,,,,,,,,,,,,,,,,,,,,,,,,,,,,,
"8-1105","OPﾜｯｸｽ(離型剤)",,"納入",,,,,,,,,,,,,,,,,,,,,,,,,,,,,,,,
"8-1105","OPﾜｯｸｽ(離型剤)",,"予定在庫",,,,,,,,,,,,,,,,,,,,,,,,,,,,,,,,
"8-1105","OPﾜｯｸｽ(離型剤)",,"使用計画",,,,,,,,,,,,,,,,,,,,,,,,,,,,,,,,
"8-1105","OPﾜｯｸｽ(離型剤)",,"発注計画",,,,,,,,,,,,,,,,,,,,,,,,,,,,,,,,
"8-1106","ﾄﾚｺﾝ 1949X02 BK",,"実在庫",,,,,,,,,,,,,,,,,,,,,,,,,,,,,,,,
"8-1106","ﾄﾚｺﾝ 1949X02 BK",,"実使用",,,,,,,,,,,,,,,,,,,,,,,,,,,,,,,,
"8-1106","ﾄﾚｺﾝ 1949X02 BK",,"発注",,,,,,,,,,,,,,,,,,,,,,,,,,,,,,,,
"8-1106","ﾄﾚｺﾝ 1949X02 BK",,"納入",,,,,,,,,,,,,,,,,,,,,,,,,,,,,,,,
"8-1106","ﾄﾚｺﾝ 1949X02 BK",-116.4,"予定在庫",-116.4,-116.4,-116.4,-116.4,-116.4,-116.4,-116.4,-116.4,-116.4,-116.4,-116.4,-116.4,-116.4,-116.4,-116.4,-116.4,-116.4,-116.4,-116.4,-116.4,-116.4,-116.4,-116.4,-116.4,-116.4,-116.4,-116.4,-116.4,-116.4,-116.4,-116.4,-116.4
"8-1106","ﾄﾚｺﾝ 1949X02 BK",,"使用計画",,,,,,,,,,,,,,,,,,,,,,,,,,,,,,,,
"8-1106","ﾄﾚｺﾝ 1949X02 BK",,"発注計画",,,,,,,,,,,,,,,,,,,,,,,,,,,,,,,,
"8-1107","ﾉﾊﾞﾃﾞｭﾗﾝ 5010R5-L4 BK8E",,"実在庫",100.0,100.0,100.0,100.0,100.0,100.0,100.0,100.0,100.0,100.0,100.0,100.0,100.0,100.0,100.0,100.0,100.0,100.0,100.0,100.0,100.0,100.0,100.0,100.0,100.0,100.0,100.0,100.0,100.0,100.0,100.0,100.0
"8-1107","ﾉﾊﾞﾃﾞｭﾗﾝ 5010R5-L4 BK8E",,"実使用",,,,,,,,,,,,,,,,,,,,,,,,,,,,,,,,
"8-1107","ﾉﾊﾞﾃﾞｭﾗﾝ 5010R5-L4 BK8E",,"発注",400.0,,,,,,,,,,,,,,,,,,,400.0,,,,,,,,,,,,
"8-1107","ﾉﾊﾞﾃﾞｭﾗﾝ 5010R5-L4 BK8E",,"納入",,,,,,,,,,,,,,,,,,,,,,,,,,,,,,,,
"8-1107","ﾉﾊﾞﾃﾞｭﾗﾝ 5010R5-L4 BK8E",437.5,"予定在庫",380.6,380.6,380.6,380.6,380.6,380.6,380.6,380.6,380.6,380.6,380.6,380.6,380.6,380.6,380.6,380.6,380.6,380.6,380.6,780.6,780.6,780.6,780.6,780.6,722.2,663.8,605.4,554.3,554.3,554.3,495.9,437.5
"8-1107","ﾉﾊﾞﾃﾞｭﾗﾝ 5010R5-L4 BK8E",,"使用計画",343.1,,,,,,,,,,,,,,,,,,,,,,,,58.4,58.4,58.4,51.1,,,58.4,58.4
"8-1107","ﾉﾊﾞﾃﾞｭﾗﾝ 5010R5-L4 BK8E",,"発注計画",400.0,,,,,,,,,,,,,,,,,,,400.0,,,,,,,,,,,,
"8-5094-01","eBIND LTW-8400C",,"実在庫",20.0,20.0,20.0,20.0,20.0,20.0,20.0,20.0,20.0,20.0,20.0,20.0,20.0,20.0,20.0,20.0,20.0,20.0,20.0,20.0,20.0,20.0,20.0,20.0,20.0,20.0,20.0,20.0,20.0,20.0,20.0,20.0
"8-5094-01","eBIND LTW-8400C",,"実使用",,,,,,,,,,,,,,,,,,,,,,,,,,,,,,,,
"8-5094-01","eBIND LTW-8400C",,"発注",,,,,,,,,,,,,,,,,,,,,,,,,,,,,,,,
"8-5094-01","eBIND LTW-8400C",,"納入",,,,,,,,,,,,,,,,,,,,,,,,,,,,,,,,
"8-5094-01","eBIND LTW-8400C",,"予定在庫",,,,,,,,,,,,,,,,,,,,,,,,,,,,,,,,
"8-5094-01","eBIND LTW-8400C",,"使用計画",,,,,,,,,,,,,,,,,,,,,,,,,,,,,,,,
"8-5094-01","eBIND LTW-8400C",,"発注計画",,,,,,,,,,,,,,,,,,,,,,,,,,,,,,,,
"8-5101","ＲＮＩ－ＰＳ６５Ｈ",,"実在庫",,,50.0,50.0,50.0,50.0,50.0,50.0,50.0,25.0,25.0,25.0,25.0,25.0,25.0,25.0,25.0,25.0,25.0,25.0,25.0,25.0,25.0,25.0,25.0,25.0,25.0,25.0,25.0,25.0,25.0,25.0
"8-5101","ＲＮＩ－ＰＳ６５Ｈ",,"実使用",75.0,,50.0,,,,,,,25.0,,,,,,,,,,,,,,,,,,,,,,
"8-5101","ＲＮＩ－ＰＳ６５Ｈ",,"発注",200.0,,100.0,,,,,,,,,,,,,,,,,25.0,,,,,75.0,,,,,,,
"8-5101","ＲＮＩ－ＰＳ６５Ｈ",,"納入",100.0,,100.0,,,,,,,,,,,,,,,,,,,,,,,,,,,,,
"8-5101","ＲＮＩ－ＰＳ６５Ｈ",58.3,"予定在庫",22.2,22.2,122.2,109.2,96.3,83.3,83.3,83.3,83.3,73.7,73.7,65.5,65.5,57.2,57.2,57.2,57.2,49.0,36.0,48.1,48.1,48.1,48.1,35.1,97.1,84.2,71.2,58.3,58.3,58.3,58.3,58.3
"8-5101","ＲＮＩ－ＰＳ６５Ｈ",,"使用計画",163.9,,,13.0,13.0,13.0,,,,9.6,,8.2,,8.2,,,,8.2,13.0,13.0,,,,13.0,13.0,13.0,13.0,13.0,,,,
"8-5101","ＲＮＩ－ＰＳ６５Ｈ",,"発注計画",200.0,,100.0,,,,,,,,,,,,,,,,,25.0,,,,,75.0,,,,,,,
"8-5102","ＨＮＩ－Ｂ６２５",,"実在庫",,,500.0,440.0,260.0,600.0,480.0,480.0,480.0,420.0,320.0,700.0,520.0,220.0,220.0,220.0,220.0,220.0,220.0,220.0,220.0,220.0,220.0,220.0,220.0,220.0,220.0,220.0,220.0,220.0,220.0,220.0
"8-5102","ＨＮＩ－Ｂ６２５",,"実使用",1380.0,,100.0,60.0,180.0,60.0,120.0,,,60.0,100.0,220.0,180.0,300.0,,,,,,,,,,,,,,,,,,
"8-5102","ＨＮＩ－Ｂ６２５",,"発注",2200.0,,600.0,,,400.0,,,,,,600.0,,,,,,,,,,,,600.0,,,,,,,,
"8-5102","ＨＮＩ－Ｂ６２５",,"納入",1600.0,,600.0,,,400.0,,,,,,600.0,,,,,,,,,,,,,,,,,,,,
"8-5102","ＨＮＩ－Ｂ６２５",-1306.9,"予定在庫",-1179.7,-1179.7,-788.7,-897.8,-1006.8,-571.4,-636.0,-636.0,-636.0,-700.5,-876.6,-497.1,-717.6,-848.1,-848.1,-848.1,-848.1,-957.1,-1066.1,-1159.4,-1159.4,-1159.4,-1159.4,-668.4,-777.5,-886.5,-995.6,-1088.8,-1088.8,-1088.8,-1197.9,-1306.9
"8-5102","ＨＮＩ－Ｂ６２５",,"使用計画",2327.2,,109.0,109.0,109.0,64.6,64.6,,,64.6,176.0,220.5,220.5,130.4,,,,109.0,109.0,93.3,,,,109.0,109.0,109.0,109.0,93.3,,,109.0,109.0
"8-5102","ＨＮＩ－Ｂ６２５",,"発注計画",2200.0,,500.0,,,500.0,,,,,,600.0,,,,,,,,,,,,600.0,,,,,,,,
"8-5102-2","ＨＮＩ-Ｂ６２５            第2工場",,"実在庫",,,900.0,720.0,520.0,240.0,60.0,,,900.0,620.0,400.0,180.0,80.0,,,620.0,620.0,620.0,620.0,620.0,620.0,620.0,620.0,620.0,620.0,620.0,620.0,620.0,620.0,620.0,620.0
"8-5102-2","ＨＮＩ-Ｂ６２５            第2工場",,"実使用",2080.0,,100.0,180.0,200.0,280.0,180.0,60.0,,100.0,280.0,220.0,220.0,100.0,80.0,,80.0,,,,,,,,,,,,,,,
"8-5102-2","ＨＮＩ-Ｂ６２５            第2工場",,"発注",4400.0,,1000.0,,,,,,,1000.0,,,,,,,700.0,,100.0,,,,,700.0,,500.0,,,,,400.0,
"8-5102-2","ＨＮＩ-Ｂ６２５            第2工場",,"納入",2700.0,,1000.0,,,,,,,1000.0,,,,,,,700.0,,,,,,,,,,,,,,,
"8-5102-2","ＨＮＩ-Ｂ６２５            第2工場",-358.7,"予定在庫",-776.3,-776.3,-962.3,-148.4,-334.4,-520.4,-706.5,-775.4,-775.4,-961.4,-147.4,-333.4,-519.5,-705.5,-705.5,-705.5,-191.5,-377.6,-463.6,-649.6,-718.5,-718.5,-718.5,-142.5,-328.6,-14.6,-200.6,-386.7,-386.7,-386.7,-172.7,-358.7
"8-5102-2","ＨＮＩ-Ｂ６２５            第2工場",,"使用計画",3982.4,,186.0,186.0,186.0,186.0,186.0,68.9,,186.0,186.0,186.0,186.0,186.0,,,186.0,186.0,186.0,186.0,68.9,,,124.0,186.0,186.0,186.0,186.0,,,186.0,186.0
"8-5102-2","ＨＮＩ-Ｂ６２５            第2工場",,"発注計画",4400.0,,,1000.0,,,,,,,1000.0,,,,,,700.0,,100.0,,,,,700.0,,500.0,,,,,400.0,
"8-5103","ＲＮＩ－５０ＬＦ",,"実在庫",,,,,,,,,,,,,,,,,,,,,,,,,,,,,,,,
"8-5103","ＲＮＩ－５０ＬＦ",,"実使用",,,,,,,,,,,,,,,,,,,,,,,,,,,,,,,,
"8-5103","ＲＮＩ－５０ＬＦ",,"発注",,,,,,,,,,,,,,,,,,,,,,,,,,,,,,,,
"8-5103","ＲＮＩ－５０ＬＦ",,"納入",,,,,,,,,,,,,,,,,,,,,,,,,,,,,,,,
"8-5103","ＲＮＩ－５０ＬＦ",,"予定在庫",,,,,,,,,,,,,,,,,,,,,,,,,,,,,,,,
"8-5103","ＲＮＩ－５０ＬＦ",,"使用計画",,,,,,,,,,,,,,,,,,,,,,,,,,,,,,,,
"8-5103","ＲＮＩ－５０ＬＦ",,"発注計画",,,,,,,,,,,,,,,,,,,,,,,,,,,,,,,,
"8-5104","ＨＰ－５０",,"実在庫",,,,,,,,,,,,,,,,,,,,,,,,,,,,,,,,
"8-5104","ＨＰ－５０",,"実使用",,,,,,,,,,,,,,,,,,,,,,,,,,,,,,,,
"8-5104","ＨＰ－５０",,"発注",,,,,,,,,,,,,,,,,,,,,,,,,,,,,,,,
"8-5104","ＨＰ－５０",,"納入",,,,,,,,,,,,,,,,,,,,,,,,,,,,,,,,
"8-5104","ＨＰ－５０",-35.1,"予定在庫",-35.1,-35.1,-35.1,-35.1,-35.1,-35.1,-35.1,-35.1,-35.1,-35.1,-35.1,-35.1,-35.1,-35.1,-35.1,-35.1,-35.1,-35.1,-35.1,-35.1,-35.1,-35.1,-35.1,-35.1,-35.1,-35.1,-35.1,-35.1,-35.1,-35.1,-35.1,-35.1
"8-5104","ＨＰ－５０",,"使用計画",,,,,,,,,,,,,,,,,,,,,,,,,,,,,,,,
"8-5104","ＨＰ－５０",,"発注計画",,,,,,,,,,,,,,,,,,,,,,,,,,,,,,,,
"8-5105","ＲＮＩ－１２３５ＦＪ",,"実在庫",,,,,,,,,,,,,,,,,,,,,,,,,,,,,,,,
"8-5105","ＲＮＩ－１２３５ＦＪ",,"実使用",,,,,,,,,,,,,,,,,,,,,,,,,,,,,,,,
"8-5105","ＲＮＩ－１２３５ＦＪ",,"発注",,,,,,,,,,,,,,,,,,,,,,,,,,,,,,,,
"8-5105","ＲＮＩ－１２３５ＦＪ",,"納入",,,,,,,,,,,,,,,,,,,,,,,,,,,,,,,,
"8-5105","ＲＮＩ－１２３５ＦＪ",,"予定在庫",,,,,,,,,,,,,,,,,,,,,,,,,,,,,,,,
"8-5105","ＲＮＩ－１２３５ＦＪ",,"使用計画",,,,,,,,,,,,,,,,,,,,,,,,,,,,,,,,
"8-5105","ＲＮＩ－１２３５ＦＪ",,"発注計画",,,,,,,,,,,,,,,,,,,,,,,,,,,,,,,,
"8-5106","ＲＮＩ－４０ＬＦ",,"実在庫",,,,,,,,,,,,,,,,,,,,,,,,,,,,,,,,
"8-5106","ＲＮＩ－４０ＬＦ",,"実使用",,,,,,,,,,,,,,,,,,,,,,,,,,,,,,,,
"8-5106","ＲＮＩ－４０ＬＦ",,"発注",,,,,,,,,,,,,,,,,,,,,,,,,,,,,,,,
"8-5106","ＲＮＩ－４０ＬＦ",,"納入",,,,,,,,,,,,,,,,,,,,,,,,,,,,,,,,
"8-5106","ＲＮＩ－４０ＬＦ",,"予定在庫",,,,,,,,,,,,,,,,,,,,,,,,,,,,,,,,
"8-5106","ＲＮＩ－４０ＬＦ",,"使用計画",,,,,,,,,,,,,,,,,,,,,,,,,,,,,,,,
"8-5106","ＲＮＩ－４０ＬＦ",,"発注計画",,,,,,,,,,,,,,,,,,,,,,,,,,,,,,,,
"8-5107","ＲＮＩ－６０ＬＦ",,"実在庫",,,,,,,,,,,,,,,,,,,,,,,,,,,,,,,,
"8-5107","ＲＮＩ－６０ＬＦ",,"実使用",,,,,,,,,,,,,,,,,,,,,,,,,,,,,,,,
"8-5107","ＲＮＩ－６０ＬＦ",,"発注",,,,,,,,,,,,,,,,,,,,,,,,,,,,,,,,
"8-5107","ＲＮＩ－６０ＬＦ",,"納入",,,,,,,,,,,,,,,,,,,,,,,,,,,,,,,,
"8-5107","ＲＮＩ－６０ＬＦ",,"予定在庫",,,,,,,,,,,,,,,,,,,,,,,,,,,,,,,,
"8-5107","ＲＮＩ－６０ＬＦ",,"使用計画",,,,,,,,,,,,,,,,,,,,,,,,,,,,,,,,
"8-5107","ＲＮＩ－６０ＬＦ",,"発注計画",,,,,,,,,,,,,,,,,,,,,,,,,,,,,,,,
"8-5108","ＲＮＩ－６０ＨＲ",,"実在庫",,,,,,,,,,,,,,,,,,,,,,,,,,,,,,,,
"8-5108","ＲＮＩ－６０ＨＲ",,"実使用",,,,,,,,,,,,,,,,,,,,,,,,,,,,,,,,
"8-5108","ＲＮＩ－６０ＨＲ",,"発注",,,,,,,,,,,,,,,,,,,,,,,,,,,,,,,,
"8-5108","ＲＮＩ－６０ＨＲ",,"納入",,,,,,,,,,,,,,,,,,,,,,,,,,,,,,,,
"8-5108","ＲＮＩ－６０ＨＲ",,"予定在庫",,,,,,,,,,,,,,,,,,,,,,,,,,,,,,,,
"8-5108","ＲＮＩ－６０ＨＲ",,"使用計画",,,,,,,,,,,,,,,,,,,,,,,,,,,,,,,,
"8-5108","ＲＮＩ－６０ＨＲ",,"発注計画",,,,,,,,,,,,,,,,,,,,,,,,,,,,,,,,
"8-5109","ＲＮＩ－６６５０ＨＹ",,"実在庫",,,,,,,,,,,,,,,,,,,,,,,,,,,,,,,,
"8-5109","ＲＮＩ－６６５０ＨＹ",,"実使用",,,,,,,,,,,,,,,,,,,,,,,,,,,,,,,,
"8-5109","ＲＮＩ－６６５０ＨＹ",,"発注",,,,,,,,,,,,,,,,,,,,,,,,,,,,,,,,
"8-5109","ＲＮＩ－６６５０ＨＹ",,"納入",,,,,,,,,,,,,,,,,,,,,,,,,,,,,,,,
"8-5109","ＲＮＩ－６６５０ＨＹ",,"予定在庫",,,,,,,,,,,,,,,,,,,,,,,,,,,,,,,,
"8-5109","ＲＮＩ－６６５０ＨＹ",,"使用計画",,,,,,,,,,,,,,,,,,,,,,,,,,,,,,,,
"8-5109","ＲＮＩ－６６５０ＨＹ",,"発注計画",,,,,,,,,,,,,,,,,,,,,,,,,,,,,,,,
"8-5110","ＲＮＩ－７０ＨＲ",,"実在庫",,,,,,,,,,,,,,,,,,,,,,,,,,,,,,,,
"8-5110","ＲＮＩ－７０ＨＲ",,"実使用",,,,,,,,,,,,,,,,,,,,,,,,,,,,,,,,
"8-5110","ＲＮＩ－７０ＨＲ",,"発注",25.0,,,,,,,,,,,,,,,,,,,,,,,25.0,,,,,,,,
"8-5110","ＲＮＩ－７０ＨＲ",,"納入",,,,,,,,,,,,,,,,,,,,,,,,,,,,,,,,
"8-5110","ＲＮＩ－７０ＨＲ",-50.4,"予定在庫",-50.2,-50.2,-50.2,-50.2,-50.2,-50.2,-50.2,-50.2,-50.2,-50.2,-50.2,-50.2,-50.2,-50.2,-50.2,-50.2,-50.2,-50.2,-50.2,-50.2,-50.2,-50.2,-50.2,-25.2,-50.4,-50.4,-50.4,-50.4,-50.4,-50.4,-50.4,-50.4
"8-5110","ＲＮＩ－７０ＨＲ",,"使用計画",25.2,,,,,,,,,,,,,,,,,,,,,,,,25.2,,,,,,,
"8-5110","ＲＮＩ－７０ＨＲ",,"発注計画",25.0,,,,,,,,,,,,,,,,,,,,,,,25.0,,,,,,,,
"8-5111","ＲＮＩ－８０ＨＲ１",,"実在庫",,,,,,,,,,,,,,,,,,,,,,,,,,,,,,,,
"8-5111","ＲＮＩ－８０ＨＲ１",,"実使用",,,,,,,,,,,,,,,,,,,,,,,,,,,,,,,,
"8-5111","ＲＮＩ－８０ＨＲ１",,"発注",,,,,,,,,,,,,,,,,,,,,,,,,,,,,,,,
"8-5111","ＲＮＩ－８０ＨＲ１",,"納入",,,,,,,,,,,,,,,,,,,,,,,,,,,,,,,,
"8-5111","ＲＮＩ－８０ＨＲ１",,"予定在庫",,,,,,,,,,,,,,,,,,,,,,,,,,,,,,,,
"8-5111","ＲＮＩ－８０ＨＲ１",,"使用計画",,,,,,,,,,,,,,,,,,,,,,,,,,,,,,,,
"8-5111","ＲＮＩ－８０ＨＲ１",,"発注計画",,,,,,,,,,,,,,,,,,,,,,,,,,,,,,,,
"8-5112","ＲＮＩ－ＰＳ３５ＬＹ",,"実在庫",,,,,,,,,,,,,,,,,,,,,,,,,,,,,,,,
"8-5112","ＲＮＩ－ＰＳ３５ＬＹ",,"実使用",,,,,,,,,,,,,,,,,,,,,,,,,,,,,,,,
"8-5112","ＲＮＩ－ＰＳ３５ＬＹ",,"発注",,,,,,,,,,,,,,,,,,,,,,,,,,,,,,,,
"8-5112","ＲＮＩ－ＰＳ３５ＬＹ",,"納入",,,,,,,,,,,,,,,,,,,,,,,,,,,,,,,,
"8-5112","ＲＮＩ－ＰＳ３５ＬＹ",,"予定在庫",,,,,,,,,,,,,,,,,,,,,,,,,,,,,,,,
"8-5112","ＲＮＩ－ＰＳ３５ＬＹ",,"使用計画",,,,,,,,,,,,,,,,,,,,,,,,,,,,,,,,
"8-5112","ＲＮＩ－ＰＳ３５ＬＹ",,"発注計画",,,,,,,,,,,,,,,,,,,,,,,,,,,,,,,,
"8-5113","ＲＮＩ－ＰＳ７０ＨＹ",,"実在庫",,,300.0,200.0,200.0,75.0,,,,,,,,,,,,,,,,,,,,,,,,,,
"8-5113","ＲＮＩ－ＰＳ７０ＨＹ",,"実使用",300.0,,,100.0,,125.0,75.0,,,,,,,,,,,,,,,,,,,,,,,,,
"8-5113","ＲＮＩ－ＰＳ７０ＨＹ",,"発注",300.0,,300.0,,,,,,,,,,,,,,,,,,,,,,,,,,,,,
"8-5113","ＲＮＩ－ＰＳ７０ＨＹ",,"納入",300.0,,300.0,,,,,,,,,,,,,,,,,,,,,,,,,,,,,
"8-5113","ＲＮＩ－ＰＳ７０ＨＹ",79.0,"予定在庫",3.1,3.1,3.1,378.1,378.1,287.5,196.9,196.9,196.9,106.2,79.0,79.0,79.0,79.0,79.0,79.0,79.0,79.0,79.0,79.0,79.0,79.0,79.0,79.0,79.0,79.0,79.0,79.0,79.0,79.0,79.0,79.0
"8-5113","ＲＮＩ－ＰＳ７０ＨＹ",,"使用計画",299.1,,,,,90.6,90.6,,,90.6,27.2,,,,,,,,,,,,,,,,,,,,,
"8-5113","ＲＮＩ－ＰＳ７０ＨＹ",,"発注計画",375.0,,,375.0,,,,,,,,,,,,,,,,,,,,,,,,,,,,
"8-5114","ＲＮＩ－９０ＨＲ",,"実在庫",,,,,,,,,,,,,,,,,,,,,,,,,,,,,,,,
"8-5114","ＲＮＩ－９０ＨＲ",,"実使用",,,,,,,,,,,,,,,,,,,,,,,,,,,,,,,,
"8-5114","ＲＮＩ－９０ＨＲ",,"発注",,,,,,,,,,,,,,,,,,,,,,,,,,,,,,,,
"8-5114","ＲＮＩ－９０ＨＲ",,"納入",,,,,,,,,,,,,,,,,,,,,,,,,,,,,,,,
"8-5114","ＲＮＩ－９０ＨＲ",,"予定在庫",,,,,,,,,,,,,,,,,,,,,,,,,,,,,,,,
"8-5114","ＲＮＩ－９０ＨＲ",,"使用計画",,,,,,,,,,,,,,,,,,,,,,,,,,,,,,,,
"8-5114","ＲＮＩ－９０ＨＲ",,"発注計画",,,,,,,,,,,,,,,,,,,,,,,,,,,,,,,,
"8-5115","ＲＮＩ－６５ＬＦ",,"実在庫",,,,,,,,,,,,,,,,,,,,,,,,,,,,,,,,
"8-5115","ＲＮＩ－６５ＬＦ",,"実使用",,,,,,,,,,,,,,,,,,,,,,,,,,,,,,,,
"8-5115","ＲＮＩ－６５ＬＦ",,"発注",,,,,,,,,,,,,,,,,,,,,,,,,,,,,,,,
"8-5115","ＲＮＩ－６５ＬＦ",,"納入",,,,,,,,,,,,,,,,,,,,,,,,,,,,,,,,
"8-5115","ＲＮＩ－６５ＬＦ",,"予定在庫",,,,,,,,,,,,,,,,,,,,,,,,,,,,,,,,
"8-5115","ＲＮＩ－６５ＬＦ",,"使用計画",,,,,,,,,,,,,,,,,,,,,,,,,,,,,,,,
"8-5115","ＲＮＩ－６５ＬＦ",,"発注計画",,,,,,,,,,,,,,,,,,,,,,,,,,,,,,,,
"8-5116","ＲＮＩ－４６６０",,"実在庫",,,100.0,75.0,75.0,75.0,25.0,25.0,25.0,,,,,,,,,,,,,,,,,,,,,,,
"8-5116","ＲＮＩ－４６６０",,"実使用",100.0,,,25.0,,,50.0,,,25.0,,,,,,,,,,,,,,,,,,,,,,
"8-5116","ＲＮＩ－４６６０",,"発注",100.0,,100.0,,,,,,,,,,,,,,,,,,,,,,,,,,,,,
"8-5116","ＲＮＩ－４６６０",,"納入",100.0,,100.0,,,,,,,,,,,,,,,,,,,,,,,,,,,,,
"8-5116","ＲＮＩ－４６６０",13.5,"予定在庫",-7.9,-7.9,92.1,92.1,92.1,76.4,60.7,60.7,60.7,37.1,13.5,13.5,13.5,13.5,13.5,13.5,13.5,13.5,13.5,13.5,13.5,13.5,13.5,13.5,13.5,13.5,13.5,13.5,13.5,13.5,13.5,13.5
"8-5116","ＲＮＩ－４６６０",,"使用計画",78.6,,,,,15.7,15.7,,,23.6,23.6,,,,,,,,,,,,,,,,,,,,,
"8-5116","ＲＮＩ－４６６０",,"発注計画",100.0,,100.0,,,,,,,,,,,,,,,,,,,,,,,,,,,,,
"8-5117","ＲＮＩ－４６５０",,"実在庫",,,,,,,,,,,,,,,,,,,,,,,,,,,,,,,,
"8-5117","ＲＮＩ－４６５０",,"実使用",,,,,,,,,,,,,,,,,,,,,,,,,,,,,,,,
"8-5117","ＲＮＩ－４６５０",,"発注",,,,,,,,,,,,,,,,,,,,,,,,,,,,,,,,
"8-5117","ＲＮＩ－４６５０",,"納入",,,,,,,,,,,,,,,,,,,,,,,,,,,,,,,,
"8-5117","ＲＮＩ－４６５０",,"予定在庫",,,,,,,,,,,,,,,,,,,,,,,,,,,,,,,,
"8-5117","ＲＮＩ－４６５０",,"使用計画",,,,,,,,,,,,,,,,,,,,,,,,,,,,,,,,
"8-5117","ＲＮＩ－４６５０",,"発注計画",,,,,,,,,,,,,,,,,,,,,,,,,,,,,,,,
"8-5118","ＲＮＩ－５２１４Ａ",,"実在庫",,,,,,,,,,,,,,,,,,,,,,,,,,,,,,,,
"8-5118","ＲＮＩ－５２１４Ａ",,"実使用",,,,,,,,,,,,,,,,,,,,,,,,,,,,,,,,
"8-5118","ＲＮＩ－５２１４Ａ",,"発注",,,,,,,,,,,,,,,,,,,,,,,,,,,,,,,,
"8-5118","ＲＮＩ－５２１４Ａ",,"納入",,,,,,,,,,,,,,,,,,,,,,,,,,,,,,,,
"8-5118","ＲＮＩ－５２１４Ａ",,"予定在庫",,,,,,,,,,,,,,,,,,,,,,,,,,,,,,,,
"8-5118","ＲＮＩ－５２１４Ａ",,"使用計画",,,,,,,,,,,,,,,,,,,,,,,,,,,,,,,,
"8-5118","ＲＮＩ－５２１４Ａ",,"発注計画",,,,,,,,,,,,,,,,,,,,,,,,,,,,,,,,
"8-5119","ＲＮＩ－５２０７Ｃ",,"実在庫",20.0,20.0,20.0,20.0,20.0,20.0,20.0,20.0,20.0,20.0,20.0,20.0,20.0,20.0,20.0,20.0,20.0,20.0,20.0,20.0,20.0,20.0,20.0,20.0,20.0,20.0,20.0,20.0,20.0,20.0,20.0,20.0
"8-5119","ＲＮＩ－５２０７Ｃ",,"実使用",,,,,,,,,,,,,,,,,,,,,,,,,,,,,,,,
"8-5119","ＲＮＩ－５２０７Ｃ",,"発注",,,,,,,,,,,,,,,,,,,,,,,,,,,,,,,,
"8-5119","ＲＮＩ－５２０７Ｃ",,"納入",,,,,,,,,,,,,,,,,,,,,,,,,,,,,,,,
"8-5119","ＲＮＩ－５２０７Ｃ",58.2,"予定在庫",58.2,58.2,58.2,58.2,58.2,58.2,58.2,58.2,58.2,58.2,58.2,58.2,58.2,58.2,58.2,58.2,58.2,58.2,58.2,58.2,58.2,58.2,58.2,58.2,58.2,58.2,58.2,58.2,58.2,58.2,58.2,58.2
"8-5119","ＲＮＩ－５２０７Ｃ",,"使用計画",,,,,,,,,,,,,,,,,,,,,,,,,,,,,,,,
"8-5119","ＲＮＩ－５２０７Ｃ",,"発注計画",,,,,,,,,,,,,,,,,,,,,,,,,,,,,,,,
"8-5120","ＲＮＩ－５２０９",,"実在庫",,,,,,,,,,,,,,,,,,,,,,,,,,,,,,,,
"8-5120","ＲＮＩ－５２０９",,"実使用",,,,,,,,,,,,,,,,,,,,,,,,,,,,,,,,
"8-5120","ＲＮＩ－５２０９",,"発注",,,,,,,,,,,,,,,,,,,,,,,,,,,,,,,,
"8-5120","ＲＮＩ－５２０９",,"納入",,,,,,,,,,,,,,,,,,,,,,,,,,,,,,,,
"8-5120","ＲＮＩ－５２０９",,"予定在庫",,,,,,,,,,,,,,,,,,,,,,,,,,,,,,,,
"8-5120","ＲＮＩ－５２０９",,"使用計画",,,,,,,,,,,,,,,,,,,,,,,,,,,,,,,,
"8-5120","ＲＮＩ－５２０９",,"発注計画",,,,,,,,,,,,,,,,,,,,,,,,,,,,,,,,
"8-5121","ＲＮＩ－４６４０",,"実在庫",,,,,,,,,,,,,,,,,,,,,,,,,,,,,,,,
"8-5121","ＲＮＩ－４６４０",,"実使用",,,,,,,,,,,,,,,,,,,,,,,,,,,,,,,,
"8-5121","ＲＮＩ－４６４０",,"発注",,,,,,,,,,,,,,,,,,,,,,,,,,,,,,,,
"8-5121","ＲＮＩ－４６４０",,"納入",,,,,,,,,,,,,,,,,,,,,,,,,,,,,,,,
"8-5121","ＲＮＩ－４６４０",,"予定在庫",,,,,,,,,,,,,,,,,,,,,,,,,,,,,,,,
"8-5121","ＲＮＩ－４６４０",,"使用計画",,,,,,,,,,,,,,,,,,,,,,,,,,,,,,,,
"8-5121","ＲＮＩ－４６４０",,"発注計画",,,,,,,,,,,,,,,,,,,,,,,,,,,,,,,,
"8-5122","ＲＮＩ－５６１０Ｖ",,"実在庫",,,,,,,,,,,,,,,,,,,,,,,,,,,,,,,,
"8-5122","ＲＮＩ－５６１０Ｖ",,"実使用",,,,,,,,,,,,,,,,,,,,,,,,,,,,,,,,
"8-5122","ＲＮＩ－５６１０Ｖ",,"発注",,,,,,,,,,,,,,,,,,,,,,,,,,,,,,,,
"8-5122","ＲＮＩ－５６１０Ｖ",,"納入",,,,,,,,,,,,,,,,,,,,,,,,,,,,,,,,
"8-5122","ＲＮＩ－５６１０Ｖ",,"予定在庫",,,,,,,,,,,,,,,,,,,,,,,,,,,,,,,,
"8-5122","ＲＮＩ－５６１０Ｖ",,"使用計画",,,,,,,,,,,,,,,,,,,,,,,,,,,,,,,,
"8-5122","ＲＮＩ－５６１０Ｖ",,"発注計画",,,,,,,,,,,,,,,,,,,,,,,,,,,,,,,,
"8-5123","ＲＮＩ－９５ＨＲ",,"実在庫",,,,,,,,,,,,,,,,,,,,,,,,,,,,,,,,
"8-5123","ＲＮＩ－９５ＨＲ",,"実使用",,,,,,,,,,,,,,,,,,,,,,,,,,,,,,,,
"8-5123","ＲＮＩ－９５ＨＲ",,"発注",,,,,,,,,,,,,,,,,,,,,,,,,,,,,,,,
"8-5123","ＲＮＩ－９５ＨＲ",,"納入",,,,,,,,,,,,,,,,,,,,,,,,,,,,,,,,
"8-5123","ＲＮＩ－９５ＨＲ",,"予定在庫",,,,,,,,,,,,,,,,,,,,,,,,,,,,,,,,
"8-5123","ＲＮＩ－９５ＨＲ",,"使用計画",,,,,,,,,,,,,,,,,,,,,,,,,,,,,,,,
"8-5123","ＲＮＩ－９５ＨＲ",,"発注計画",,,,,,,,,,,,,,,,,,,,,,,,,,,,,,,,
"8-5150","ＨＭ－１６１６",,"実在庫",50.0,50.0,,700.0,650.0,600.0,550.0,550.0,550.0,550.0,500.0,400.0,300.0,200.0,200.0,200.0,150.0,150.0,150.0,150.0,150.0,150.0,150.0,150.0,150.0,150.0,150.0,150.0,150.0,150.0,150.0,150.0
"8-5150","ＨＭ－１６１６",,"実使用",700.0,,50.0,100.0,50.0,50.0,50.0,,,,50.0,100.0,100.0,100.0,,,50.0,,,,,,,,,,,,,,,
"8-5150","ＨＭ－１６１６",,"発注",1500.0,,,800.0,,,,,,,,,,,,,,,,,,,,700.0,,,,,,,,
"8-5150","ＨＭ－１６１６",,"納入",800.0,,,800.0,,,,,,,,,,,,,,,,,,,,,,,,,,,,
"8-5150","ＨＭ－１６１６",-251.0,"予定在庫",-318.4,-318.4,405.3,322.5,239.7,156.9,156.9,156.9,156.9,156.9,74.0,-23.0,-120.1,-202.9,-202.9,-202.9,-285.8,-382.8,-382.8,-382.8,-382.8,-382.8,-382.8,317.2,220.1,123.1,26.0,-56.8,-56.8,-56.8,-153.9,-251.0
"8-5150","ＨＭ－１６１６",,"使用計画",1432.6,,76.3,82.8,82.8,82.8,,,,,82.9,97.1,97.1,82.9,,,82.9,97.1,,,,,,,97.1,97.1,97.1,82.9,,,97.1,97.1
"8-5150","ＨＭ－１６１６",,"発注計画",1500.0,,800.0,,,,,,,,,,,,,,,,,,,,,700.0,,,,,,,,
"8-5151","ＨＭ－１６１９",,"実在庫",11.0,11.0,11.0,11.0,11.0,11.0,11.0,11.0,11.0,11.0,11.0,11.0,11.0,11.0,11.0,11.0,11.0,11.0,11.0,11.0,11.0,11.0,11.0,11.0,11.0,11.0,11.0,11.0,11.0,11.0,11.0,11.0
"8-5151","ＨＭ－１６１９",,"実使用",,,,,,,,,,,,,,,,,,,,,,,,,,,,,,,,
"8-5151","ＨＭ－１６１９",,"発注",,,,,,,,,,,,,,,,,,,,,,,,,,,,,,,,
"8-5151","ＨＭ－１６１９",,"納入",,,,,,,,,,,,,,,,,,,,,,,,,,,,,,,,
"8-5151","ＨＭ－１６１９",,"予定在庫",,,,,,,,,,,,,,,,,,,,,,,,,,,,,,,,
"8-5151","ＨＭ－１６１９",,"使用計画",,,,,,,,,,,,,,,,,,,,,,,,,,,,,,,,
"8-5151","ＨＭ－１６１９",,"発注計画",,,,,,,,,,,,,,,,,,,,,,,,,,,,,,,,
"8-5152","ＨＭ－１６１３",,"実在庫",,,,75.0,75.0,50.0,50.0,50.0,50.0,25.0,25.0,25.0,25.0,25.0,25.0,25.0,25.0,25.0,25.0,25.0,25.0,25.0,25.0,25.0,25.0,25.0,25.0,25.0,25.0,25.0,25.0,25.0
"8-5152","ＨＭ－１６１３",,"実使用",75.0,,,25.0,,25.0,,,,25.0,,,,,,,,,,,,,,,,,,,,,,
"8-5152","ＨＭ－１６１３",,"発注",100.0,,,100.0,,,,,,,,,,,,,,,,,,,,,,,,,,,,
"8-5152","ＨＭ－１６１３",,"納入",100.0,,,100.0,,,,,,,,,,,,,,,,,,,,,,,,,,,,
"8-5152","ＨＭ－１６１３",-52.6,"予定在庫",-95.3,-95.3,4.7,4.7,-4.8,-14.4,-23.9,-23.9,-23.9,-33.5,-43.0,-52.6,-52.6,-52.6,-52.6,-52.6,-52.6,-52.6,-52.6,-52.6,-52.6,-52.6,-52.6,-52.6,-52.6,-52.6,-52.6,-52.6,-52.6,-52.6,-52.6,-52.6
"8-5152","ＨＭ－１６１３",,"使用計画",57.3,,,,9.5,9.5,9.5,,,9.5,9.5,9.5,,,,,,,,,,,,,,,,,,,,
"8-5152","ＨＭ－１６１３",,"発注計画",100.0,,100.0,,,,,,,,,,,,,,,,,,,,,,,,,,,,,
"8-5153","ＨＭ－１２１７",,"実在庫",,,,,,,,,,,,,,,,,,,,,,,,,,,,,,,,
"8-5153","ＨＭ－１２１７",,"実使用",,,,,,,,,,,,,,,,,,,,,,,,,,,,,,,,
"8-5153","ＨＭ－１２１７",,"発注",,,,,,,,,,,,,,,,,,,,,,,,,,,,,,,,
"8-5153","ＨＭ－１２１７",,"納入",,,,,,,,,,,,,,,,,,,,,,,,,,,,,,,,
"8-5153","ＨＭ－１２１７",,"予定在庫",,,,,,,,,,,,,,,,,,,,,,,,,,,,,,,,
"8-5153","ＨＭ－１２１７",,"使用計画",,,,,,,,,,,,,,,,,,,,,,,,,,,,,,,,
"8-5153","ＨＭ－１２１７",,"発注計画",,,,,,,,,,,,,,,,,,,,,,,,,,,,,,,,
"8-5154","ＨＭ－１２１０Ｋ",,"実在庫",,,,,,,,,,,,,,,,,,,,,,,,,,,,,,,,
"8-5154","ＨＭ－１２１０Ｋ",,"実使用",,,,,,,,,,,,,,,,,,,,,,,,,,,,,,,,
"8-5154","ＨＭ－１２１０Ｋ",,"発注",75.0,,,,,,,,,,,,,,,,,,,75.0,,,,,,,,,,,,
"8-5154","ＨＭ－１２１０Ｋ",,"納入",,,,,,,,,,,,,,,,,,,,,,,,,,,,,,,,
"8-5154","ＨＭ－１２１０Ｋ",-83.1,"予定在庫",-68.6,-68.6,-68.6,-68.6,-68.6,-68.6,-68.6,-68.6,-68.6,-83.8,-83.8,-83.8,-83.8,-83.8,-83.8,-83.8,-83.8,-83.8,-83.8,-8.8,-8.8,-8.8,-8.8,-8.8,-33.6,-58.3,-83.1,-83.1,-83.1,-83.1,-83.1,-83.1
"8-5154","ＨＭ－１２１０Ｋ",,"使用計画",89.5,,,,,,,,,15.2,,,,,,,,,,,,,,,24.8,24.8,24.8,,,,,
"8-5154","ＨＭ－１２１０Ｋ",,"発注計画",75.0,,,,,,,,,,,,,,,,,,,75.0,,,,,,,,,,,,
"8-5155","ＨＭ－１２２２Ｓ",,"実在庫",,,,,,,,,,,,,,,,,,,,,,,,,,,,,,,,
"8-5155","ＨＭ－１２２２Ｓ",,"実使用",,,,,,,,,,,,,,,,,,,,,,,,,,,,,,,,
"8-5155","ＨＭ－１２２２Ｓ",,"発注",,,,,,,,,,,,,,,,,,,,,,,,,,,,,,,,
"8-5155","ＨＭ－１２２２Ｓ",,"納入",,,,,,,,,,,,,,,,,,,,,,,,,,,,,,,,
"8-5155","ＨＭ－１２２２Ｓ",,"予定在庫",,,,,,,,,,,,,,,,,,,,,,,,,,,,,,,,
"8-5155","ＨＭ－１２２２Ｓ",,"使用計画",,,,,,,,,,,,,,,,,,,,,,,,,,,,,,,,
"8-5155","ＨＭ－１２２２Ｓ",,"発注計画",,,,,,,,,,,,,,,,,,,,,,,,,,,,,,,,
"8-5156","ＨＭ－１２０８Ｎ",,"実在庫",,,,,,,,,,,,,,,,,,,,,,,,,,,,,,,,
"8-5156","ＨＭ－１２０８Ｎ",,"実使用",,,,,,,,,,,,,,,,,,,,,,,,,,,,,,,,
"8-5156","ＨＭ－１２０８Ｎ",,"発注",,,,,,,,,,,,,,,,,,,,,,,,,,,,,,,,
"8-5156","ＨＭ－１２０８Ｎ",,"納入",,,,,,,,,,,,,,,,,,,,,,,,,,,,,,,,
"8-5156","ＨＭ－１２０８Ｎ",,"予定在庫",,,,,,,,,,,,,,,,,,,,,,,,,,,,,,,,
"8-5156","ＨＭ－１２０８Ｎ",,"使用計画",,,,,,,,,,,,,,,,,,,,,,,,,,,,,,,,
"8-5156","ＨＭ－１２０８Ｎ",,"発注計画",,,,,,,,,,,,,,,,,,,,,,,,,,,,,,,,
"8-5157","ＨＭ－１２２０ＫＤ",,"実在庫",,,,,,,,,,,,,,,,,,,,,,,,,,,,,,,,
"8-5157","ＨＭ－１２２０ＫＤ",,"実使用",,,,,,,,,,,,,,,,,,,,,,,,,,,,,,,,
"8-5157","ＨＭ－１２２０ＫＤ",,"発注",,,,,,,,,,,,,,,,,,,,,,,,,,,,,,,,
"8-5157","ＨＭ－１２２０ＫＤ",,"納入",,,,,,,,,,,,,,,,,,,,,,,,,,,,,,,,
"8-5157","ＨＭ－１２２０ＫＤ",,"予定在庫",,,,,,,,,,,,,,,,,,,,,,,,,,,,,,,,
"8-5157","ＨＭ－１２２０ＫＤ",,"使用計画",,,,,,,,,,,,,,,,,,,,,,,,,,,,,,,,
"8-5157","ＨＭ－１２２０ＫＤ",,"発注計画",,,,,,,,,,,,,,,,,,,,,,,,,,,,,,,,
"8-5158","ＨＭ－１６１８",,"実在庫",,,,,,,,,,,,,,,,,,,,,,,,,,,,,,,,
"8-5158","ＨＭ－１６１８",,"実使用",,,,,,,,,,,,,,,,,,,,,,,,,,,,,,,,
"8-5158","ＨＭ－１６１８",,"発注",,,,,,,,,,,,,,,,,,,,,,,,,,,,,,,,
"8-5158","ＨＭ－１６１８",,"納入",,,,,,,,,,,,,,,,,,,,,,,,,,,,,,,,
"8-5158","ＨＭ－１６１８",,"予定在庫",,,,,,,,,,,,,,,,,,,,,,,,,,,,,,,,
"8-5158","ＨＭ－１６１８",,"使用計画",,,,,,,,,,,,,,,,,,,,,,,,,,,,,,,,
"8-5158","ＨＭ－１６１８",,"発注計画",,,,,,,,,,,,,,,,,,,,,,,,,,,,,,,,
"8-5159","ＨＭ－１２２５Ｋ",,"実在庫",,,,,,,,,,,,,,,,,,,,,,,,,,,,,,,,
"8-5159","ＨＭ－１２２５Ｋ",,"実使用",,,,,,,,,,,,,,,,,,,,,,,,,,,,,,,,
"8-5159","ＨＭ－１２２５Ｋ",,"発注",,,,,,,,,,,,,,,,,,,,,,,,,,,,,,,,
"8-5159","ＨＭ－１２２５Ｋ",,"納入",,,,,,,,,,,,,,,,,,,,,,,,,,,,,,,,
"8-5159","ＨＭ－１２２５Ｋ",,"予定在庫",,,,,,,,,,,,,,,,,,,,,,,,,,,,,,,,
"8-5159","ＨＭ－１２２５Ｋ",,"使用計画",,,,,,,,,,,,,,,,,,,,,,,,,,,,,,,,
"8-5159","ＨＭ－１２２５Ｋ",,"発注計画",,,,,,,,,,,,,,,,,,,,,,,,,,,,,,,,
"8-5199","試作材",,"実在庫",,,,,,,,,,,,,,,,,,,,,,,,,,,,,,,,
"8-5199","試作材",,"実使用",,,,,,,,,,,,,,,,,,,,,,,,,,,,,,,,
"8-5199","試作材",,"発注",,,,,,,,,,,,,,,,,,,,,,,,,,,,,,,,
"8-5199","試作材",,"納入",,,,,,,,,,,,,,,,,,,,,,,,,,,,,,,,
"8-5199","試作材",,"予定在庫",,,,,,,,,,,,,,,,,,,,,,,,,,,,,,,,
"8-5199","試作材",,"使用計画",,,,,,,,,,,,,,,,,,,,,,,,,,,,,,,,
"8-5199","試作材",,"発注計画",,,,,,,,,,,,,,,,,,,,,,,,,,,,,,,,
"8-5201","ｼﾞｭﾗﾌｧｲﾄﾞ1140A6 HD9100(BK)",,"実在庫",120.0,120.0,120.0,120.0,100.0,100.0,100.0,100.0,100.0,80.0,80.0,80.0,80.0,80.0,80.0,80.0,80.0,80.0,80.0,80.0,80.0,80.0,80.0,80.0,80.0,80.0,80.0,80.0,80.0,80.0,80.0,80.0
"8-5201","ｼﾞｭﾗﾌｧｲﾄﾞ1140A6 HD9100(BK)",,"実使用",40.0,,,,20.0,,,,,20.0,,,,,,,,,,,,,,,,,,,,,,
"8-5201","ｼﾞｭﾗﾌｧｲﾄﾞ1140A6 HD9100(BK)",,"発注",440.0,,,,,,,,,,,,,,,,,,,,,,,440.0,,,,,,,,
"8-5201","ｼﾞｭﾗﾌｧｲﾄﾞ1140A6 HD9100(BK)",,"納入",,,,,,,,,,,,,,,,,,,,,,,,,,,,,,,,
"8-5201","ｼﾞｭﾗﾌｧｲﾄﾞ1140A6 HD9100(BK)",-11.3,"予定在庫",133.5,133.5,133.5,118.6,103.6,88.7,83.5,76.7,76.7,76.7,66.5,66.5,56.2,56.2,56.2,56.2,46.0,46.0,31.1,16.1,16.1,16.1,16.1,441.2,295.3,280.4,134.5,119.6,119.6,119.6,-11.3,-11.3
"8-5201","ｼﾞｭﾗﾌｧｲﾄﾞ1140A6 HD9100(BK)",,"使用計画",584.8,,,14.9,14.9,14.9,5.1,6.8,,,10.2,,10.2,,,,10.2,,14.9,14.9,,,,14.9,145.8,14.9,145.8,14.9,,,130.9,
"8-5201","ｼﾞｭﾗﾌｧｲﾄﾞ1140A6 HD9100(BK)",,"発注計画",440.0,,,,,,,,,,,,,,,,,,,,,,,440.0,,,,,,,,
"8-5201-02","ｼﾞｭﾗﾌｧｲﾄﾞ1140A6 HD9100(BK)",,"実在庫",,,,,,,,,,,,,,,,,,,,,,,,,,,,,,,,
"8-5201-02","ｼﾞｭﾗﾌｧｲﾄﾞ1140A6 HD9100(BK)",,"実使用",,,,,,,,,,,,,,,,,,,,,,,,,,,,,,,,
"8-5201-02","ｼﾞｭﾗﾌｧｲﾄﾞ1140A6 HD9100(BK)",,"発注",,,,,,,,,,,,,,,,,,,,,,,,,,,,,,,,
"8-5201-02","ｼﾞｭﾗﾌｧｲﾄﾞ1140A6 HD9100(BK)",,"納入",,,,,,,,,,,,,,,,,,,,,,,,,,,,,,,,
"8-5201-02","ｼﾞｭﾗﾌｧｲﾄﾞ1140A6 HD9100(BK)",,"予定在庫",,,,,,,,,,,,,,,,,,,,,,,,,,,,,,,,
"8-5201-02","ｼﾞｭﾗﾌｧｲﾄﾞ1140A6 HD9100(BK)",,"使用計画",,,,,,,,,,,,,,,,,,,,,,,,,,,,,,,,
"8-5201-02","ｼﾞｭﾗﾌｧｲﾄﾞ1140A6 HD9100(BK)",,"発注計画",,,,,,,,,,,,,,,,,,,,,,,,,,,,,,,,
"8-5202","ｼﾞｭﾗﾌｧｲﾄﾞ1140A1 HD9050(BK)",,"実在庫",280.0,280.0,280.0,260.0,420.0,420.0,400.0,400.0,400.0,380.0,360.0,320.0,320.0,500.0,500.0,500.0,500.0,500.0,500.0,500.0,500.0,500.0,500.0,500.0,500.0,500.0,500.0,500.0,500.0,500.0,500.0,500.0
"8-5202","ｼﾞｭﾗﾌｧｲﾄﾞ1140A1 HD9050(BK)",,"実使用",180.0,,,20.0,40.0,,20.0,,,20.0,20.0,40.0,,20.0,,,,,,,,,,,,,,,,,,
"8-5202","ｼﾞｭﾗﾌｧｲﾄﾞ1140A1 HD9050(BK)",,"発注",600.0,,,,200.0,,,,,,,,,200.0,,,,,,,,,,200.0,,,,,,,,
"8-5202","ｼﾞｭﾗﾌｧｲﾄﾞ1140A1 HD9050(BK)",,"納入",400.0,,,,200.0,,,,,,,,,200.0,,,,,,,,,,,,,,,,,,
"8-5202","ｼﾞｭﾗﾌｧｲﾄﾞ1140A1 HD9050(BK)",330.2,"予定在庫",566.3,566.3,751.2,732.9,714.6,696.3,681.3,681.3,681.3,666.2,647.9,629.6,611.3,796.3,796.3,796.3,781.2,762.9,744.6,729.5,729.5,729.5,729.5,864.1,784.6,686.8,589.1,508.5,508.5,508.5,428.0,330.2
"8-5202","ｼﾞｭﾗﾌｧｲﾄﾞ1140A1 HD9050(BK)",,"使用計画",836.1,,15.1,18.3,18.3,18.3,15.1,,,15.1,18.3,18.3,18.3,15.1,,,15.1,18.3,18.3,15.1,,,,65.5,79.5,97.8,97.8,80.5,,,80.5,97.8
"8-5202","ｼﾞｭﾗﾌｧｲﾄﾞ1140A1 HD9050(BK)",,"発注計画",600.0,,200.0,,,,,,,,,,,200.0,,,,,,,,,,200.0,,,,,,,,
"8-5203","ベスタキープ　３３００Ｇ",,"実在庫",,,,,,,,,,,,,,,,,,,,,,,,,,,,,,,,
"8-5203","ベスタキープ　３３００Ｇ",,"実使用",,,,,,,,,,,,,,,,,,,,,,,,,,,,,,,,
"8-5203","ベスタキープ　３３００Ｇ",,"発注",,,,,,,,,,,,,,,,,,,,,,,,,,,,,,,,
"8-5203","ベスタキープ　３３００Ｇ",,"納入",,,,,,,,,,,,,,,,,,,,,,,,,,,,,,,,
"8-5203","ベスタキープ　３３００Ｇ",,"予定在庫",,,,,,,,,,,,,,,,,,,,,,,,,,,,,,,,
"8-5203","ベスタキープ　３３００Ｇ",,"使用計画",,,,,,,,,,,,,,,,,,,,,,,,,,,,,,,,
"8-5203","ベスタキープ　３３００Ｇ",,"発注計画",,,,,,,,,,,,,,,,,,,,,,,,,,,,,,,,
"8-5204","ｶﾙﾌﾟPPS T524A1",,"実在庫",,,898.0,848.0,798.0,798.0,673.0,673.0,673.0,898.0,823.0,673.0,573.0,498.0,498.0,498.0,498.0,498.0,498.0,498.0,498.0,498.0,498.0,498.0,498.0,498.0,498.0,498.0,498.0,498.0,498.0,498.0
"8-5204","ｶﾙﾌﾟPPS T524A1",,"実使用",800.0,,100.0,50.0,50.0,,125.0,,,75.0,75.0,150.0,100.0,75.0,,,,,,,,,,,,,,,,,,
"8-5204","ｶﾙﾌﾟPPS T524A1",,"発注",1500.0,,1000.0,,,,,,,300.0,,,,,,,,,,,,,,200.0,,,,,,,,
"8-5204","ｶﾙﾌﾟPPS T524A1",,"納入",1298.0,,998.0,,,,,,,300.0,,,,,,,,,,,,,,,,,,,,,,
"8-5204","ｶﾙﾌﾟPPS T524A1",-1338.4,"予定在庫",-1018.4,-1018.4,-183.5,-248.6,-313.6,-378.7,-443.8,-443.8,-443.8,-547.4,-651.0,-749.7,-853.3,-952.0,-952.0,-952.0,-1023.1,-1094.2,-1160.3,-1226.4,-1226.4,-1226.4,-1226.4,-1097.5,-1168.6,-1234.7,-1305.8,-1338.4,-1338.4,-1338.4,-1338.4,-1338.4
"8-5204","ｶﾙﾌﾟPPS T524A1",,"使用計画",1420.0,,65.1,65.1,65.1,65.1,65.1,,,103.6,103.6,98.7,103.6,98.7,,,71.1,71.1,66.1,66.1,,,,71.1,71.1,66.1,71.1,32.5,,,,
"8-5204","ｶﾙﾌﾟPPS T524A1",,"発注計画",1100.0,,900.0,,,,,,,,,,,,,,,,,,,,,200.0,,,,,,,,
"8-5204-02","ｶﾙﾌﾟPPS T524A1",,"実在庫",,,,,,,,,,,,,,,,,,,,,,,,,,,,,,,,
"8-5204-02","ｶﾙﾌﾟPPS T524A1",,"実使用",,,,,,,,,,,,,,,,,,,,,,,,,,,,,,,,
"8-5204-02","ｶﾙﾌﾟPPS T524A1",,"発注",,,,,,,,,,,,,,,,,,,,,,,,,,,,,,,,
"8-5204-02","ｶﾙﾌﾟPPS T524A1",,"納入",,,,,,,,,,,,,,,,,,,,,,,,,,,,,,,,
"8-5204-02","ｶﾙﾌﾟPPS T524A1",,"予定在庫",,,,,,,,,,,,,,,,,,,,,,,,,,,,,,,,
"8-5204-02","ｶﾙﾌﾟPPS T524A1",,"使用計画",,,,,,,,,,,,,,,,,,,,,,,,,,,,,,,,
"8-5204-02","ｶﾙﾌﾟPPS T524A1",,"発注計画",,,,,,,,,,,,,,,,,,,,,,,,,,,,,,,,
"8-5205","ｼﾞｭﾗﾈｯｸｽHS531",,"実在庫",,,,,,,,,,,,,,,,,,,,,,,,,,,,,,,,
"8-5205","ｼﾞｭﾗﾈｯｸｽHS531",,"実使用",,,,,,,,,,,,,,,,,,,,,,,,,,,,,,,,
"8-5205","ｼﾞｭﾗﾈｯｸｽHS531",,"発注",,,,,,,,,,,,,,,,,,,,,,,,,,,,,,,,
"8-5205","ｼﾞｭﾗﾈｯｸｽHS531",,"納入",,,,,,,,,,,,,,,,,,,,,,,,,,,,,,,,
"8-5205","ｼﾞｭﾗﾈｯｸｽHS531",,"予定在庫",,,,,,,,,,,,,,,,,,,,,,,,,,,,,,,,
"8-5205","ｼﾞｭﾗﾈｯｸｽHS531",,"使用計画",,,,,,,,,,,,,,,,,,,,,,,,,,,,,,,,
"8-5205","ｼﾞｭﾗﾈｯｸｽHS531",,"発注計画",,,,,,,,,,,,,,,,,,,,,,,,,,,,,,,,
"8-5206","ｱﾐﾗﾝ　CM1011G30（BK)",,"実在庫",,,,,,,,,,,,,,,,,,,,,,,,,,,,,,,,
"8-5206","ｱﾐﾗﾝ　CM1011G30（BK)",,"実使用",,,,,,,,,,,,,,,,,,,,,,,,,,,,,,,,
"8-5206","ｱﾐﾗﾝ　CM1011G30（BK)",,"発注",,,,,,,,,,,,,,,,,,,,,,,,,,,,,,,,
"8-5206","ｱﾐﾗﾝ　CM1011G30（BK)",,"納入",,,,,,,,,,,,,,,,,,,,,,,,,,,,,,,,
"8-5206","ｱﾐﾗﾝ　CM1011G30（BK)",,"予定在庫",,,,,,,,,,,,,,,,,,,,,,,,,,,,,,,,
"8-5206","ｱﾐﾗﾝ　CM1011G30（BK)",,"使用計画",,,,,,,,,,,,,,,,,,,,,,,,,,,,,,,,
"8-5206","ｱﾐﾗﾝ　CM1011G30（BK)",,"発注計画",,,,,,,,,,,,,,,,,,,,,,,,,,,,,,,,
"8-5207","ｱﾐﾗﾝ　CM1011G30（ﾅﾁｭﾗﾙ）",,"実在庫",,,,,,,,,,,,,,,,,,,,,,,,,,,,,,,,
"8-5207","ｱﾐﾗﾝ　CM1011G30（ﾅﾁｭﾗﾙ）",,"実使用",,,,,,,,,,,,,,,,,,,,,,,,,,,,,,,,
"8-5207","ｱﾐﾗﾝ　CM1011G30（ﾅﾁｭﾗﾙ）",,"発注",,,,,,,,,,,,,,,,,,,,,,,,,,,,,,,,
"8-5207","ｱﾐﾗﾝ　CM1011G30（ﾅﾁｭﾗﾙ）",,"納入",,,,,,,,,,,,,,,,,,,,,,,,,,,,,,,,
"8-5207","ｱﾐﾗﾝ　CM1011G30（ﾅﾁｭﾗﾙ）",,"予定在庫",,,,,,,,,,,,,,,,,,,,,,,,,,,,,,,,
"8-5207","ｱﾐﾗﾝ　CM1011G30（ﾅﾁｭﾗﾙ）",,"使用計画",,,,,,,,,,,,,,,,,,,,,,,,,,,,,,,,
"8-5207","ｱﾐﾗﾝ　CM1011G30（ﾅﾁｭﾗﾙ）",,"発注計画",,,,,,,,,,,,,,,,,,,,,,,,,,,,,,,,
"8-5208","ｼﾞｭﾗﾌｧｲﾄﾞ1140A6 HF2000(N)",,"実在庫",,,,,,,,,,,,,,,,,,,,,,,,,,,,,,,,
"8-5208","ｼﾞｭﾗﾌｧｲﾄﾞ1140A6 HF2000(N)",,"実使用",,,,,,,,,,,,,,,,,,,,,,,,,,,,,,,,
"8-5208","ｼﾞｭﾗﾌｧｲﾄﾞ1140A6 HF2000(N)",,"発注",,,,,,,,,,,,,,,,,,,,,,,,,,,,,,,,
"8-5208","ｼﾞｭﾗﾌｧｲﾄﾞ1140A6 HF2000(N)",,"納入",,,,,,,,,,,,,,,,,,,,,,,,,,,,,,,,
"8-5208","ｼﾞｭﾗﾌｧｲﾄﾞ1140A6 HF2000(N)",,"予定在庫",,,,,,,,,,,,,,,,,,,,,,,,,,,,,,,,
"8-5208","ｼﾞｭﾗﾌｧｲﾄﾞ1140A6 HF2000(N)",,"使用計画",,,,,,,,,,,,,,,,,,,,,,,,,,,,,,,,
"8-5208","ｼﾞｭﾗﾌｧｲﾄﾞ1140A6 HF2000(N)",,"発注計画",,,,,,,,,,,,,,,,,,,,,,,,,,,,,,,,
"8-5209","ﾌﾟﾗｲﾑ ﾎﾟﾘﾌﾟﾛ J707G",,"実在庫",100.0,100.0,100.0,100.0,100.0,100.0,100.0,100.0,100.0,97.0,85.0,85.0,85.0,85.0,85.0,85.0,85.0,85.0,85.0,85.0,85.0,85.0,85.0,85.0,85.0,85.0,85.0,85.0,85.0,85.0,85.0,85.0
"8-5209","ﾌﾟﾗｲﾑ ﾎﾟﾘﾌﾟﾛ J707G",,"実使用",15.0,,,,,,,,,3.0,12.0,,,,,,,,,,,,,,,,,,,,,
"8-5209","ﾌﾟﾗｲﾑ ﾎﾟﾘﾌﾟﾛ J707G",,"発注",,,,,,,,,,,,,,,,,,,,,,,,,,,,,,,,
"8-5209","ﾌﾟﾗｲﾑ ﾎﾟﾘﾌﾟﾛ J707G",,"納入",,,,,,,,,,,,,,,,,,,,,,,,,,,,,,,,
"8-5209","ﾌﾟﾗｲﾑ ﾎﾟﾘﾌﾟﾛ J707G",,"予定在庫",,,,,,,,,,,,,,,,,,,,,,,,,,,,,,,,
"8-5209","ﾌﾟﾗｲﾑ ﾎﾟﾘﾌﾟﾛ J707G",,"使用計画",,,,,,,,,,,,,,,,,,,,,,,,,,,,,,,,
"8-5209","ﾌﾟﾗｲﾑ ﾎﾟﾘﾌﾟﾛ J707G",,"発注計画",,,,,,,,,,,,,,,,,,,,,,,,,,,,,,,,
"8-5209-02","ﾌﾟﾗｲﾑ ﾎﾟﾘﾌﾟﾛ J707G",,"実在庫",25.0,25.0,25.0,25.0,25.0,25.0,25.0,25.0,25.0,25.0,25.0,25.0,25.0,25.0,25.0,25.0,25.0,25.0,25.0,25.0,25.0,25.0,25.0,25.0,25.0,25.0,25.0,25.0,25.0,25.0,25.0,25.0
"8-5209-02","ﾌﾟﾗｲﾑ ﾎﾟﾘﾌﾟﾛ J707G",,"実使用",,,,,,,,,,,,,,,,,,,,,,,,,,,,,,,,
"8-5209-02","ﾌﾟﾗｲﾑ ﾎﾟﾘﾌﾟﾛ J707G",,"発注",,,,,,,,,,,,,,,,,,,,,,,,,,,,,,,,
"8-5209-02","ﾌﾟﾗｲﾑ ﾎﾟﾘﾌﾟﾛ J707G",,"納入",,,,,,,,,,,,,,,,,,,,,,,,,,,,,,,,
"8-5209-02","ﾌﾟﾗｲﾑ ﾎﾟﾘﾌﾟﾛ J707G",,"予定在庫",,,,,,,,,,,,,,,,,,,,,,,,,,,,,,,,
"8-5209-02","ﾌﾟﾗｲﾑ ﾎﾟﾘﾌﾟﾛ J707G",,"使用計画",,,,,,,,,,,,,,,,,,,,,,,,,,,,,,,,
"8-5209-02","ﾌﾟﾗｲﾑ ﾎﾟﾘﾌﾟﾛ J707G",,"発注計画",,,,,,,,,,,,,,,,,,,,,,,,,,,,,,,,
"8-5210","ｼﾞｭﾗｺﾝ M270-44 CF2001",,"実在庫",20.0,20.0,20.0,20.0,20.0,20.0,20.0,20.0,20.0,20.0,20.0,20.0,20.0,20.0,20.0,20.0,20.0,20.0,20.0,20.0,20.0,20.0,20.0,20.0,20.0,20.0,20.0,20.0,20.0,20.0,20.0,20.0
"8-5210","ｼﾞｭﾗｺﾝ M270-44 CF2001",,"実使用",,,,,,,,,,,,,,,,,,,,,,,,,,,,,,,,
"8-5210","ｼﾞｭﾗｺﾝ M270-44 CF2001",,"発注",,,,,,,,,,,,,,,,,,,,,,,,,,,,,,,,
"8-5210","ｼﾞｭﾗｺﾝ M270-44 CF2001",,"納入",,,,,,,,,,,,,,,,,,,,,,,,,,,,,,,,
"8-5210","ｼﾞｭﾗｺﾝ M270-44 CF2001",,"予定在庫",,,,,,,,,,,,,,,,,,,,,,,,,,,,,,,,
"8-5210","ｼﾞｭﾗｺﾝ M270-44 CF2001",,"使用計画",,,,,,,,,,,,,,,,,,,,,,,,,,,,,,,,
"8-5210","ｼﾞｭﾗｺﾝ M270-44 CF2001",,"発注計画",,,,,,,,,,,,,,,,,,,,,,,,,,,,,,,,
"8-5211","ｱｻｸﾘﾝ U",,"実在庫",20.0,20.0,20.0,20.0,20.0,20.0,20.0,20.0,20.0,20.0,20.0,20.0,20.0,20.0,20.0,20.0,20.0,20.0,20.0,20.0,20.0,20.0,20.0,20.0,20.0,20.0,20.0,20.0,20.0,20.0,20.0,20.0
"8-5211","ｱｻｸﾘﾝ U",,"実使用",,,,,,,,,,,,,,,,,,,,,,,,,,,,,,,,
"8-5211","ｱｻｸﾘﾝ U",,"発注",,,,,,,,,,,,,,,,,,,,,,,,,,,,,,,,
"8-5211","ｱｻｸﾘﾝ U",,"納入",,,,,,,,,,,,,,,,,,,,,,,,,,,,,,,,
"8-5211","ｱｻｸﾘﾝ U",,"予定在庫",,,,,,,,,,,,,,,,,,,,,,,,,,,,,,,,
"8-5211","ｱｻｸﾘﾝ U",,"使用計画",,,,,,,,,,,,,,,,,,,,,,,,,,,,,,,,
"8-5211","ｱｻｸﾘﾝ U",,"発注計画",,,,,,,,,,,,,,,,,,,,,,,,,,,,,,,,
"8-5211-01","ｱｻｸﾘﾝ IMX",,"実在庫",,,,,,,,,,,,,,,,,,,,,,,,,,,,,,,,
"8-5211-01","ｱｻｸﾘﾝ IMX",,"実使用",,,,,,,,,,,,,,,,,,,,,,,,,,,,,,,,
"8-5211-01","ｱｻｸﾘﾝ IMX",,"発注",,,,,,,,,,,,,,,,,,,,,,,,,,,,,,,,
"8-5211-01","ｱｻｸﾘﾝ IMX",,"納入",,,,,,,,,,,,,,,,,,,,,,,,,,,,,,,,
"8-5211-01","ｱｻｸﾘﾝ IMX",,"予定在庫",,,,,,,,,,,,,,,,,,,,,,,,,,,,,,,,
"8-5211-01","ｱｻｸﾘﾝ IMX",,"使用計画",,,,,,,,,,,,,,,,,,,,,,,,,,,,,,,,
"8-5211-01","ｱｻｸﾘﾝ IMX",,"発注計画",,,,,,,,,,,,,,,,,,,,,,,,,,,,,,,,
"8-5211-02","ｱｻｸﾘﾝ NEW EX",,"実在庫",25.0,25.0,25.0,25.0,25.0,25.0,25.0,25.0,25.0,25.0,25.0,25.0,25.0,25.0,25.0,25.0,25.0,25.0,25.0,25.0,25.0,25.0,25.0,25.0,25.0,25.0,25.0,25.0,25.0,25.0,25.0,25.0
"8-5211-02","ｱｻｸﾘﾝ NEW EX",,"実使用",,,,,,,,,,,,,,,,,,,,,,,,,,,,,,,,
"8-5211-02","ｱｻｸﾘﾝ NEW EX",,"発注",,,,,,,,,,,,,,,,,,,,,,,,,,,,,,,,
"8-5211-02","ｱｻｸﾘﾝ NEW EX",,"納入",,,,,,,,,,,,,,,,,,,,,,,,,,,,,,,,
"8-5211-02","ｱｻｸﾘﾝ NEW EX",,"予定在庫",,,,,,,,,,,,,,,,,,,,,,,,,,,,,,,,
"8-5211-02","ｱｻｸﾘﾝ NEW EX",,"使用計画",,,,,,,,,,,,,,,,,,,,,,,,,,,,,,,,
"8-5211-02","ｱｻｸﾘﾝ NEW EX",,"発注計画",,,,,,,,,,,,,,,,,,,,,,,,,,,,,,,,
"8-5211-03","ｱｻｸﾘﾝ SN",,"実在庫",20.0,20.0,20.0,20.0,20.0,20.0,20.0,20.0,20.0,20.0,20.0,20.0,20.0,20.0,20.0,20.0,20.0,20.0,20.0,20.0,20.0,20.0,20.0,20.0,20.0,20.0,20.0,20.0,20.0,20.0,20.0,20.0
"8-5211-03","ｱｻｸﾘﾝ SN",,"実使用",,,,,,,,,,,,,,,,,,,,,,,,,,,,,,,,
"8-5211-03","ｱｻｸﾘﾝ SN",,"発注",,,,,,,,,,,,,,,,,,,,,,,,,,,,,,,,
"8-5211-03","ｱｻｸﾘﾝ SN",,"納入",,,,,,,,,,,,,,,,,,,,,,,,,,,,,,,,
"8-5211-03","ｱｻｸﾘﾝ SN",,"予定在庫",,,,,,,,,,,,,,,,,,,,,,,,,,,,,,,,
"8-5211-03","ｱｻｸﾘﾝ SN",,"使用計画",,,,,,,,,,,,,,,,,,,,,,,,,,,,,,,,
"8-5211-03","ｱｻｸﾘﾝ SN",,"発注計画",,,,,,,,,,,,,,,,,,,,,,,,,,,,,,,,
"8-5211-04","ｱｻｸﾘﾝ RU",,"実在庫",,,,,,,,,,,,,,,,,,,,,,,,,,,,,,,,
"8-5211-04","ｱｻｸﾘﾝ RU",,"実使用",,,,,,,,,,,,,,,,,,,,,,,,,,,,,,,,
"8-5211-04","ｱｻｸﾘﾝ RU",,"発注",20.0,,,20.0,,,,,,,,,,,,,,,,,,,,,,,,,,,,
"8-5211-04","ｱｻｸﾘﾝ RU",,"納入",,,,,,,,,,,,,,,,,,,,,,,,,,,,,,,,
"8-5211-04","ｱｻｸﾘﾝ RU",,"予定在庫",,,,,,,,,,,,,,,,,,,,,,,,,,,,,,,,
"8-5211-04","ｱｻｸﾘﾝ RU",,"使用計画",,,,,,,,,,,,,,,,,,,,,,,,,,,,,,,,
"8-5211-04","ｱｻｸﾘﾝ RU",,"発注計画",,,,,,,,,,,,,,,,,,,,,,,,,,,,,,,,
"8-5212","ﾕﾋﾟﾀｰﾙ F20-03 ER002(BK)",,"実在庫",23.0,23.0,23.0,23.0,23.0,23.0,23.0,23.0,23.0,23.0,23.0,23.0,23.0,23.0,23.0,23.0,23.0,23.0,23.0,23.0,23.0,23.0,23.0,23.0,23.0,23.0,23.0,23.0,23.0,23.0,23.0,23.0
"8-5212","ﾕﾋﾟﾀｰﾙ F20-03 ER002(BK)",,"実使用",,,,,,,,,,,,,,,,,,,,,,,,,,,,,,,,
"8-5212","ﾕﾋﾟﾀｰﾙ F20-03 ER002(BK)",,"発注",,,,,,,,,,,,,,,,,,,,,,,,,,,,,,,,
"8-5212","ﾕﾋﾟﾀｰﾙ F20-03 ER002(BK)",,"納入",,,,,,,,,,,,,,,,,,,,,,,,,,,,,,,,
"8-5212","ﾕﾋﾟﾀｰﾙ F20-03 ER002(BK)",-62.9,"予定在庫",-50.7,-50.7,-50.7,-50.7,-50.7,-50.7,-50.7,-50.7,-50.7,-50.7,-50.7,-50.7,-50.7,-50.7,-50.7,-50.7,-50.7,-62.9,-62.9,-62.9,-62.9,-62.9,-62.9,-62.9,-62.9,-62.9,-62.9,-62.9,-62.9,-62.9,-62.9,-62.9
"8-5212","ﾕﾋﾟﾀｰﾙ F20-03 ER002(BK)",,"使用計画",12.2,,,,,,,,,,,,,,,,,12.2,,,,,,,,,,,,,,
"8-5212","ﾕﾋﾟﾀｰﾙ F20-03 ER002(BK)",,"発注計画",,,,,,,,,,,,,,,,,,,,,,,,,,,,,,,,
"8-5212-01","ﾕﾋﾟﾀｰﾙ F20-03 E8625(ｱｲﾎﾞﾘｰ)",,"実在庫",22.0,22.0,22.0,22.0,22.0,22.0,22.0,22.0,22.0,22.0,22.0,22.0,22.0,22.0,22.0,22.0,22.0,22.0,22.0,22.0,22.0,22.0,22.0,22.0,22.0,22.0,22.0,22.0,22.0,22.0,22.0,22.0
"8-5212-01","ﾕﾋﾟﾀｰﾙ F20-03 E8625(ｱｲﾎﾞﾘｰ)",,"実使用",,,,,,,,,,,,,,,,,,,,,,,,,,,,,,,,
"8-5212-01","ﾕﾋﾟﾀｰﾙ F20-03 E8625(ｱｲﾎﾞﾘｰ)",,"発注",,,,,,,,,,,,,,,,,,,,,,,,,,,,,,,,
"8-5212-01","ﾕﾋﾟﾀｰﾙ F20-03 E8625(ｱｲﾎﾞﾘｰ)",,"納入",,,,,,,,,,,,,,,,,,,,,,,,,,,,,,,,
"8-5212-01","ﾕﾋﾟﾀｰﾙ F20-03 E8625(ｱｲﾎﾞﾘｰ)",,"予定在庫",,,,,,,,,,,,,,,,,,,,,,,,,,,,,,,,
"8-5212-01","ﾕﾋﾟﾀｰﾙ F20-03 E8625(ｱｲﾎﾞﾘｰ)",,"使用計画",,,,,,,,,,,,,,,,,,,,,,,,,,,,,,,,
"8-5212-01","ﾕﾋﾟﾀｰﾙ F20-03 E8625(ｱｲﾎﾞﾘｰ)",,"発注計画",,,,,,,,,,,,,,,,,,,,,,,,,,,,,,,,
"8-5213","ｶﾙﾌﾟPPS T514A3(BK)",,"実在庫",,,,,,,,,,,,,,,,,,,,,,,,,,,,,,,,
"8-5213","ｶﾙﾌﾟPPS T514A3(BK)",,"実使用",,,,,,,,,,,,,,,,,,,,,,,,,,,,,,,,
"8-5213","ｶﾙﾌﾟPPS T514A3(BK)",,"発注",100.0,,,,,,,,,,,,,,,,,,,,,,,100.0,,,,,,,,
"8-5213","ｶﾙﾌﾟPPS T514A3(BK)",,"納入",,,,,,,,,,,,,,,,,,,,,,,,,,,,,,,,
"8-5213","ｶﾙﾌﾟPPS T514A3(BK)",-24.9,"予定在庫",-37.5,-37.5,-37.5,-37.5,-37.5,-37.5,-37.5,-37.5,-37.5,-37.5,-37.5,-37.5,-37.5,-37.5,-37.5,-37.5,-37.5,-37.5,-37.5,-37.5,-37.5,-37.5,-37.5,62.5,47.1,31.8,16.4,16.4,16.4,16.4,-4.3,-24.9
"8-5213","ｶﾙﾌﾟPPS T514A3(BK)",,"使用計画",87.4,,,,,,,,,,,,,,,,,,,,,,,,15.4,15.4,15.4,,,,20.6,20.6
"8-5213","ｶﾙﾌﾟPPS T514A3(BK)",,"発注計画",100.0,,,,,,,,,,,,,,,,,,,,,,,100.0,,,,,,,,
"8-5214","ｼﾞｭﾗｺﾝ M90-44 CF2001",,"実在庫",25.0,25.0,,,,,,,,,,,,,,,,,,,,,,,,,,,,,,
"8-5214","ｼﾞｭﾗｺﾝ M90-44 CF2001",,"実使用",25.0,,25.0,,,,,,,,,,,,,,,,,,,,,,,,,,,,,
"8-5214","ｼﾞｭﾗｺﾝ M90-44 CF2001",,"発注",100.0,,,,,,,,,,,,,,,,,,,,,,,100.0,,,,,,,,
"8-5214","ｼﾞｭﾗｺﾝ M90-44 CF2001",,"納入",,,,,,,,,,,,,,,,,,,,,,,,,,,,,,,,
"8-5214","ｼﾞｭﾗｺﾝ M90-44 CF2001",-560.7,"予定在庫",-503.4,-503.4,-530.1,-556.8,-556.8,-556.8,-556.8,-556.8,-556.8,-556.8,-556.8,-556.8,-556.8,-556.8,-556.8,-556.8,-556.8,-556.8,-556.8,-556.8,-556.8,-556.8,-556.8,-456.8,-478.6,-500.4,-522.2,-538.9,-538.9,-538.9,-560.7,-560.7
"8-5214","ｼﾞｭﾗｺﾝ M90-44 CF2001",,"使用計画",157.3,,26.7,26.7,,,,,,,,,,,,,,,,,,,,,21.8,21.8,21.8,16.7,,,21.8,
"8-5214","ｼﾞｭﾗｺﾝ M90-44 CF2001",,"発注計画",100.0,,,,,,,,,,,,,,,,,,,,,,,100.0,,,,,,,,
"8-5214-02","ｼﾞｭﾗｺﾝ M90-44 CF2001",,"実在庫",,,,,,,,,,,,,,,,,,,,,,,,,,,,,,,,
"8-5214-02","ｼﾞｭﾗｺﾝ M90-44 CF2001",,"実使用",,,,,,,,,,,,,,,,,,,,,,,,,,,,,,,,
"8-5214-02","ｼﾞｭﾗｺﾝ M90-44 CF2001",,"発注",,,,,,,,,,,,,,,,,,,,,,,,,,,,,,,,
"8-5214-02","ｼﾞｭﾗｺﾝ M90-44 CF2001",,"納入",,,,,,,,,,,,,,,,,,,,,,,,,,,,,,,,
"8-5214-02","ｼﾞｭﾗｺﾝ M90-44 CF2001",-299.6,"予定在庫",-299.6,-299.6,-299.6,-299.6,-299.6,-299.6,-299.6,-299.6,-299.6,-299.6,-299.6,-299.6,-299.6,-299.6,-299.6,-299.6,-299.6,-299.6,-299.6,-299.6,-299.6,-299.6,-299.6,-299.6,-299.6,-299.6,-299.6,-299.6,-299.6,-299.6,-299.6,-299.6
"8-5214-02","ｼﾞｭﾗｺﾝ M90-44 CF2001",,"使用計画",,,,,,,,,,,,,,,,,,,,,,,,,,,,,,,,
"8-5214-02","ｼﾞｭﾗｺﾝ M90-44 CF2001",,"発注計画",,,,,,,,,,,,,,,,,,,,,,,,,,,,,,,,
"8-5215","PBT 5010GN2-30X2 NAT(白)",,"実在庫",100.0,100.0,100.0,100.0,100.0,100.0,100.0,100.0,100.0,100.0,100.0,100.0,100.0,75.0,75.0,75.0,75.0,75.0,75.0,75.0,75.0,75.0,75.0,75.0,75.0,75.0,75.0,75.0,75.0,75.0,75.0,75.0
"8-5215","PBT 5010GN2-30X2 NAT(白)",,"実使用",25.0,,,,,,,,,,,,,25.0,,,,,,,,,,,,,,,,,,
"8-5215","PBT 5010GN2-30X2 NAT(白)",,"発注",,,,,,,,,,,,,,,,,,,,,,,,,,,,,,,,
"8-5215","PBT 5010GN2-30X2 NAT(白)",,"納入",,,,,,,,,,,,,,,,,,,,,,,,,,,,,,,,
"8-5215","PBT 5010GN2-30X2 NAT(白)",-27.0,"予定在庫",43.5,43.5,43.5,43.5,43.5,43.5,43.5,43.5,43.5,43.5,43.5,43.5,43.5,43.5,43.5,43.5,38.6,33.6,28.7,23.7,23.7,23.7,23.7,16.5,9.2,2.0,-5.3,-12.5,-12.5,-12.5,-19.8,-27.0
"8-5215","PBT 5010GN2-30X2 NAT(白)",,"使用計画",70.5,,,,,,,,,,,,,,,,4.9,4.9,4.9,4.9,,,,7.3,7.3,7.3,7.3,7.3,,,7.3,7.3
"8-5215","PBT 5010GN2-30X2 NAT(白)",,"発注計画",,,,,,,,,,,,,,,,,,,,,,,,,,,,,,,,
"8-5216","DURANEX3316",,"実在庫",,,,,,,,,,,,,,,,,,,,,,,,,,,,,,,,
"8-5216","DURANEX3316",,"実使用",,,,,,,,,,,,,,,,,,,,,,,,,,,,,,,,
"8-5216","DURANEX3316",,"発注",,,,,,,,,,,,,,,,,,,,,,,,,,,,,,,,
"8-5216","DURANEX3316",,"納入",,,,,,,,,,,,,,,,,,,,,,,,,,,,,,,,
"8-5216","DURANEX3316",,"予定在庫",,,,,,,,,,,,,,,,,,,,,,,,,,,,,,,,
"8-5216","DURANEX3316",,"使用計画",,,,,,,,,,,,,,,,,,,,,,,,,,,,,,,,
"8-5216","DURANEX3316",,"発注計画",,,,,,,,,,,,,,,,,,,,,,,,,,,,,,,,
"8-5217","ﾆﾎﾟﾛﾝﾊｰﾄﾞ 2000-7275ｷｲﾛ",,"実在庫",,,,,,,23.0,23.0,23.0,23.0,,,,,,,,,,,,,,,,,,,,,,
"8-5217","ﾆﾎﾟﾛﾝﾊｰﾄﾞ 2000-7275ｷｲﾛ",,"実使用",23.0,,,,,,,,,,23.0,,,,,,,,,,,,,,,,,,,,,
"8-5217","ﾆﾎﾟﾛﾝﾊｰﾄﾞ 2000-7275ｷｲﾛ",,"発注",23.0,,,,,,,,,23.0,,,,,,,,,,,,,,,,,,,,,,
"8-5217","ﾆﾎﾟﾛﾝﾊｰﾄﾞ 2000-7275ｷｲﾛ",,"納入",23.0,,,,,,23.0,,,,,,,,,,,,,,,,,,,,,,,,,
"8-5217","ﾆﾎﾟﾛﾝﾊｰﾄﾞ 2000-7275ｷｲﾛ",-0.3,"予定在庫",,,,,,,,,,25.0,16.6,8.1,-0.3,-0.3,-0.3,-0.3,-0.3,-0.3,-0.3,-0.3,-0.3,-0.3,-0.3,-0.3,-0.3,-0.3,-0.3,-0.3,-0.3,-0.3,-0.3,-0.3
"8-5217","ﾆﾎﾟﾛﾝﾊｰﾄﾞ 2000-7275ｷｲﾛ",,"使用計画",25.3,,,,,,,,,,8.4,8.4,8.4,,,,,,,,,,,,,,,,,,,
"8-5217","ﾆﾎﾟﾛﾝﾊｰﾄﾞ 2000-7275ｷｲﾛ",,"発注計画",25.0,,,,,,,,,25.0,,,,,,,,,,,,,,,,,,,,,,
"8-5218","DIC Z230 BK",,"実在庫",,,,,,,,,,,,,,,,,,,,,,,,,,,,,,,,
"8-5218","DIC Z230 BK",,"実使用",,,,,,,,,,,,,,,,,,,,,,,,,,,,,,,,
"8-5218","DIC Z230 BK",,"発注",,,,,,,,,,,,,,,,,,,,,,,,,,,,,,,,
"8-5218","DIC Z230 BK",,"納入",,,,,,,,,,,,,,,,,,,,,,,,,,,,,,,,
"8-5218","DIC Z230 BK",,"予定在庫",,,,,,,,,,,,,,,,,,,,,,,,,,,,,,,,
"8-5218","DIC Z230 BK",,"使用計画",,,,,,,,,,,,,,,,,,,,,,,,,,,,,,,,
"8-5218","DIC Z230 BK",,"発注計画",,,,,,,,,,,,,,,,,,,,,,,,,,,,,,,,
"8-5219","ｼﾞｭﾗﾌｧｲﾄﾞ 1130A1 BK",,"実在庫",,,,,,,,,,,,,,,,,,,,,,,,,,,,,,,,
"8-5219","ｼﾞｭﾗﾌｧｲﾄﾞ 1130A1 BK",,"実使用",,,,,,,,,,,,,,,,,,,,,,,,,,,,,,,,
"8-5219","ｼﾞｭﾗﾌｧｲﾄﾞ 1130A1 BK",,"発注",,,,,,,,,,,,,,,,,,,,,,,,,,,,,,,,
"8-5219","ｼﾞｭﾗﾌｧｲﾄﾞ 1130A1 BK",,"納入",,,,,,,,,,,,,,,,,,,,,,,,,,,,,,,,
"8-5219","ｼﾞｭﾗﾌｧｲﾄﾞ 1130A1 BK",,"予定在庫",,,,,,,,,,,,,,,,,,,,,,,,,,,,,,,,
"8-5219","ｼﾞｭﾗﾌｧｲﾄﾞ 1130A1 BK",,"使用計画",,,,,,,,,,,,,,,,,,,,,,,,,,,,,,,,
"8-5219","ｼﾞｭﾗﾌｧｲﾄﾞ 1130A1 BK",,"発注計画",,,,,,,,,,,,,,,,,,,,,,,,,,,,,,,,
"8-5220","ｼﾞｭﾗﾌｧｲﾄﾞ 1130A6 N",,"実在庫",33.0,33.0,33.0,33.0,33.0,33.0,33.0,33.0,33.0,33.0,33.0,33.0,33.0,33.0,33.0,33.0,33.0,33.0,33.0,33.0,33.0,33.0,33.0,33.0,33.0,33.0,33.0,33.0,33.0,33.0,33.0,33.0
"8-5220","ｼﾞｭﾗﾌｧｲﾄﾞ 1130A6 N",,"実使用",,,,,,,,,,,,,,,,,,,,,,,,,,,,,,,,
"8-5220","ｼﾞｭﾗﾌｧｲﾄﾞ 1130A6 N",,"発注",,,,,,,,,,,,,,,,,,,,,,,,,,,,,,,,
"8-5220","ｼﾞｭﾗﾌｧｲﾄﾞ 1130A6 N",,"納入",,,,,,,,,,,,,,,,,,,,,,,,,,,,,,,,
"8-5220","ｼﾞｭﾗﾌｧｲﾄﾞ 1130A6 N",,"予定在庫",,,,,,,,,,,,,,,,,,,,,,,,,,,,,,,,
"8-5220","ｼﾞｭﾗﾌｧｲﾄﾞ 1130A6 N",,"使用計画",,,,,,,,,,,,,,,,,,,,,,,,,,,,,,,,
"8-5220","ｼﾞｭﾗﾌｧｲﾄﾞ 1130A6 N",,"発注計画",,,,,,,,,,,,,,,,,,,,,,,,,,,,,,,,
"8-5221","ｱﾐﾗﾝ CM3001 N",,"実在庫",,,,,,,,,,,,,,,,,,,,,,,,,,,,,,,,
"8-5221","ｱﾐﾗﾝ CM3001 N",,"実使用",,,,,,,,,,,,,,,,,,,,,,,,,,,,,,,,
"8-5221","ｱﾐﾗﾝ CM3001 N",,"発注",,,,,,,,,,,,,,,,,,,,,,,,,,,,,,,,
"8-5221","ｱﾐﾗﾝ CM3001 N",,"納入",,,,,,,,,,,,,,,,,,,,,,,,,,,,,,,,
"8-5221","ｱﾐﾗﾝ CM3001 N",,"予定在庫",,,,,,,,,,,,,,,,,,,,,,,,,,,,,,,,
"8-5221","ｱﾐﾗﾝ CM3001 N",,"使用計画",,,,,,,,,,,,,,,,,,,,,,,,,,,,,,,,
"8-5221","ｱﾐﾗﾝ CM3001 N",,"発注計画",,,,,,,,,,,,,,,,,,,,,,,,,,,,,,,,
"8-5222","PBT 5010GNH-30 BK",,"実在庫",,,,,,,,,,,,,,,,,,,,,,,,,,,,,,,,
"8-5222","PBT 5010GNH-30 BK",,"実使用",,,,,,,,,,,,,,,,,,,,,,,,,,,,,,,,
"8-5222","PBT 5010GNH-30 BK",,"発注",,,,,,,,,,,,,,,,,,,,,,,,,,,,,,,,
"8-5222","PBT 5010GNH-30 BK",,"納入",,,,,,,,,,,,,,,,,,,,,,,,,,,,,,,,
"8-5222","PBT 5010GNH-30 BK",,"予定在庫",,,,,,,,,,,,,,,,,,,,,,,,,,,,,,,,
"8-5222","PBT 5010GNH-30 BK",,"使用計画",,,,,,,,,,,,,,,,,,,,,,,,,,,,,,,,
"8-5222","PBT 5010GNH-30 BK",,"発注計画",,,,,,,,,,,,,,,,,,,,,,,,,,,,,,,,
"8-5223","ﾕﾋﾟｴｰｽ GN30 9001L BK",,"実在庫",,,,,,,,,,,,,,,,,,,,,,,,,,,,,,,,
"8-5223","ﾕﾋﾟｴｰｽ GN30 9001L BK",,"実使用",,,,,,,,,,,,,,,,,,,,,,,,,,,,,,,,
"8-5223","ﾕﾋﾟｴｰｽ GN30 9001L BK",,"発注",,,,,,,,,,,,,,,,,,,,,,,,,,,,,,,,
"8-5223","ﾕﾋﾟｴｰｽ GN30 9001L BK",,"納入",,,,,,,,,,,,,,,,,,,,,,,,,,,,,,,,
"8-5223","ﾕﾋﾟｴｰｽ GN30 9001L BK",,"予定在庫",,,,,,,,,,,,,,,,,,,,,,,,,,,,,,,,
"8-5223","ﾕﾋﾟｴｰｽ GN30 9001L BK",,"使用計画",,,,,,,,,,,,,,,,,,,,,,,,,,,,,,,,
"8-5223","ﾕﾋﾟｴｰｽ GN30 9001L BK",,"発注計画",,,,,,,,,,,,,,,,,,,,,,,,,,,,,,,,
"8-5224","東レ CM3001 G30",,"実在庫",,,,,,,,,,,,,,,,,,,,,,,,,,,,,,,,
"8-5224","東レ CM3001 G30",,"実使用",,,,,,,,,,,,,,,,,,,,,,,,,,,,,,,,
"8-5224","東レ CM3001 G30",,"発注",,,,,,,,,,,,,,,,,,,,,,,,,,,,,,,,
"8-5224","東レ CM3001 G30",,"納入",,,,,,,,,,,,,,,,,,,,,,,,,,,,,,,,
"8-5224","東レ CM3001 G30",,"予定在庫",,,,,,,,,,,,,,,,,,,,,,,,,,,,,,,,
"8-5224","東レ CM3001 G30",,"使用計画",,,,,,,,,,,,,,,,,,,,,,,,,,,,,,,,
"8-5224","東レ CM3001 G30",,"発注計画",,,,,,,,,,,,,,,,,,,,,,,,,,,,,,,,
"8-5225","東レ CM3001 G30 ﾅﾁｭﾗﾙ",,"実在庫",,,,,,,,,,,,,,,,,,,,,,,,,,,,,,,,
"8-5225","東レ CM3001 G30 ﾅﾁｭﾗﾙ",,"実使用",,,,,,,,,,,,,,,,,,,,,,,,,,,,,,,,
"8-5225","東レ CM3001 G30 ﾅﾁｭﾗﾙ",,"発注",,,,,,,,,,,,,,,,,,,,,,,,,,,,,,,,
"8-5225","東レ CM3001 G30 ﾅﾁｭﾗﾙ",,"納入",,,,,,,,,,,,,,,,,,,,,,,,,,,,,,,,
"8-5225","東レ CM3001 G30 ﾅﾁｭﾗﾙ",25.0,"予定在庫",,,25.0,25.0,25.0,25.0,25.0,25.0,25.0,25.0,25.0,25.0,25.0,25.0,25.0,25.0,25.0,25.0,25.0,25.0,25.0,25.0,25.0,25.0,25.0,25.0,25.0,25.0,25.0,25.0,25.0,25.0
"8-5225","東レ CM3001 G30 ﾅﾁｭﾗﾙ",,"使用計画",,,,,,,,,,,,,,,,,,,,,,,,,,,,,,,,
"8-5225","東レ CM3001 G30 ﾅﾁｭﾗﾙ",,"発注計画",25.0,,25.0,,,,,,,,,,,,,,,,,,,,,,,,,,,,,
"8-5226","PPﾉﾊﾞﾃｯｸ MG03E",,"実在庫",30.4,30.4,30.4,,,,,,,,,,,,,,,,,,,,,,,,,,,,,
"8-5226","PPﾉﾊﾞﾃｯｸ MG03E",,"実使用",30.4,,,30.4,,,,,,,,,,,,,,,,,,,,,,,,,,,,
"8-5226","PPﾉﾊﾞﾃｯｸ MG03E",,"発注",,,,,,,,,,,,,,,,,,,,,,,,,,,,,,,,
"8-5226","PPﾉﾊﾞﾃｯｸ MG03E",,"納入",,,,,,,,,,,,,,,,,,,,,,,,,,,,,,,,
"8-5226","PPﾉﾊﾞﾃｯｸ MG03E",-23.0,"予定在庫",-12.8,-12.8,-12.8,-12.8,-23.0,-23.0,-23.0,-23.0,-23.0,-23.0,-23.0,-23.0,-23.0,-23.0,-23.0,-23.0,-23.0,-23.0,-23.0,-23.0,-23.0,-23.0,-23.0,-23.0,-23.0,-23.0,-23.0,-23.0,-23.0,-23.0,-23.0,-23.0
"8-5226","PPﾉﾊﾞﾃｯｸ MG03E",,"使用計画",10.2,,,,10.2,,,,,,,,,,,,,,,,,,,,,,,,,,,
"8-5226","PPﾉﾊﾞﾃｯｸ MG03E",,"発注計画",,,,,,,,,,,,,,,,,,,,,,,,,,,,,,,,
"8-5227","ｱﾐﾗﾝ CM3001G30B1",,"実在庫",,,,,,,,,,,,,,,,,,,,,,,,,,,,,,,,
"8-5227","ｱﾐﾗﾝ CM3001G30B1",,"実使用",,,,,,,,,,,,,,,,,,,,,,,,,,,,,,,,
"8-5227","ｱﾐﾗﾝ CM3001G30B1",,"発注",,,,,,,,,,,,,,,,,,,,,,,,,,,,,,,,
"8-5227","ｱﾐﾗﾝ CM3001G30B1",,"納入",,,,,,,,,,,,,,,,,,,,,,,,,,,,,,,,
"8-5227","ｱﾐﾗﾝ CM3001G30B1",,"予定在庫",,,,,,,,,,,,,,,,,,,,,,,,,,,,,,,,
"8-5227","ｱﾐﾗﾝ CM3001G30B1",,"使用計画",,,,,,,,,,,,,,,,,,,,,,,,,,,,,,,,
"8-5227","ｱﾐﾗﾝ CM3001G30B1",,"発注計画",,,,,,,,,,,,,,,,,,,,,,,,,,,,,,,,
"8-5228","PSJ ﾎﾟﾘｽﾁﾚﾝ",,"実在庫",,,,,,,,,,,,,,,,,,,,,,,,,,,,,,,,
"8-5228","PSJ ﾎﾟﾘｽﾁﾚﾝ",,"実使用",,,,,,,,,,,,,,,,,,,,,,,,,,,,,,,,
"8-5228","PSJ ﾎﾟﾘｽﾁﾚﾝ",,"発注",,,,,,,,,,,,,,,,,,,,,,,,,,,,,,,,
"8-5228","PSJ ﾎﾟﾘｽﾁﾚﾝ",,"納入",,,,,,,,,,,,,,,,,,,,,,,,,,,,,,,,
"8-5228","PSJ ﾎﾟﾘｽﾁﾚﾝ",,"予定在庫",,,,,,,,,,,,,,,,,,,,,,,,,,,,,,,,
"8-5228","PSJ ﾎﾟﾘｽﾁﾚﾝ",,"使用計画",,,,,,,,,,,,,,,,,,,,,,,,,,,,,,,,
"8-5228","PSJ ﾎﾟﾘｽﾁﾚﾝ",,"発注計画",,,,,,,,,,,,,,,,,,,,,,,,,,,,,,,,
"8-5229","ﾃﾞﾝｶABS CL430 ﾅﾁｭﾗﾙ",,"実在庫",,,,,,,,,,,,,,,,,,,,,,,,,,,,,,,,
"8-5229","ﾃﾞﾝｶABS CL430 ﾅﾁｭﾗﾙ",,"実使用",,,,,,,,,,,,,,,,,,,,,,,,,,,,,,,,
"8-5229","ﾃﾞﾝｶABS CL430 ﾅﾁｭﾗﾙ",,"発注",,,,,,,,,,,,,,,,,,,,,,,,,,,,,,,,
"8-5229","ﾃﾞﾝｶABS CL430 ﾅﾁｭﾗﾙ",,"納入",,,,,,,,,,,,,,,,,,,,,,,,,,,,,,,,
"8-5229","ﾃﾞﾝｶABS CL430 ﾅﾁｭﾗﾙ",,"予定在庫",,,,,,,,,,,,,,,,,,,,,,,,,,,,,,,,
"8-5229","ﾃﾞﾝｶABS CL430 ﾅﾁｭﾗﾙ",,"使用計画",,,,,,,,,,,,,,,,,,,,,,,,,,,,,,,,
"8-5229","ﾃﾞﾝｶABS CL430 ﾅﾁｭﾗﾙ",,"発注計画",,,,,,,,,,,,,,,,,,,,,,,,,,,,,,,,
"8-5230","ﾀﾞｲｾﾙPP-PG2N1 ﾅﾁｭﾗﾙ",,"実在庫",,,,,,,,,,,,,,,,,,,,,,,,,,,,,,,,
"8-5230","ﾀﾞｲｾﾙPP-PG2N1 ﾅﾁｭﾗﾙ",,"実使用",,,,,,,,,,,,,,,,,,,,,,,,,,,,,,,,
"8-5230","ﾀﾞｲｾﾙPP-PG2N1 ﾅﾁｭﾗﾙ",,"発注",,,,,,,,,,,,,,,,,,,,,,,,,,,,,,,,
"8-5230","ﾀﾞｲｾﾙPP-PG2N1 ﾅﾁｭﾗﾙ",,"納入",,,,,,,,,,,,,,,,,,,,,,,,,,,,,,,,
"8-5230","ﾀﾞｲｾﾙPP-PG2N1 ﾅﾁｭﾗﾙ",,"予定在庫",,,,,,,,,,,,,,,,,,,,,,,,,,,,,,,,
"8-5230","ﾀﾞｲｾﾙPP-PG2N1 ﾅﾁｭﾗﾙ",,"使用計画",,,,,,,,,,,,,,,,,,,,,,,,,,,,,,,,
"8-5230","ﾀﾞｲｾﾙPP-PG2N1 ﾅﾁｭﾗﾙ",,"発注計画",,,,,,,,,,,,,,,,,,,,,,,,,,,,,,,,
"8-5231","ｲﾃﾞﾐﾂPPS N501F3-NO507(BK）",,"実在庫",25.0,25.0,500.0,450.0,400.0,375.0,325.0,325.0,325.0,300.0,250.0,200.0,150.0,125.0,125.0,125.0,125.0,125.0,125.0,125.0,125.0,125.0,125.0,125.0,125.0,125.0,125.0,125.0,125.0,125.0,125.0,125.0
"8-5231","ｲﾃﾞﾐﾂPPS N501F3-NO507(BK）",,"実使用",400.0,,25.0,50.0,50.0,25.0,50.0,,,25.0,50.0,50.0,50.0,25.0,,,,,,,,,,,,,,,,,,
"8-5231","ｲﾃﾞﾐﾂPPS N501F3-NO507(BK）",,"発注",800.0,,500.0,,,,,,,,,,,,,,,,,,,,,300.0,,,,,,,,
"8-5231","ｲﾃﾞﾐﾂPPS N501F3-NO507(BK）",,"納入",500.0,,500.0,,,,,,,,,,,,,,,,,,,,,,,,,,,,,
"8-5231","ｲﾃﾞﾐﾂPPS N501F3-NO507(BK）",2.2,"予定在庫",31.3,31.3,490.1,449.0,412.2,371.1,334.3,334.3,334.3,293.2,252.0,215.3,174.1,137.3,137.3,137.3,96.2,55.0,18.3,-18.5,-18.5,-18.5,-18.5,240.4,199.2,162.5,121.3,84.5,84.5,84.5,43.4,2.2
"8-5231","ｲﾃﾞﾐﾂPPS N501F3-NO507(BK）",,"使用計画",829.1,,41.2,41.2,36.8,41.2,36.8,,,41.2,41.2,36.8,41.2,36.8,,,41.2,41.2,36.8,36.8,,,,41.2,41.2,36.8,41.2,36.8,,,41.2,41.2
"8-5231","ｲﾃﾞﾐﾂPPS N501F3-NO507(BK）",,"発注計画",800.0,,500.0,,,,,,,,,,,,,,,,,,,,,300.0,,,,,,,,
"8-5232","LCPｽﾐｶｽｰﾊﾟｰE6008",,"実在庫",15.5,15.5,15.5,15.5,15.5,15.5,15.5,15.5,15.5,15.5,15.5,15.5,15.5,15.5,15.5,15.5,15.5,15.5,15.5,15.5,15.5,15.5,15.5,15.5,15.5,15.5,15.5,15.5,15.5,15.5,15.5,15.5
"8-5232","LCPｽﾐｶｽｰﾊﾟｰE6008",,"実使用",,,,,,,,,,,,,,,,,,,,,,,,,,,,,,,,
"8-5232","LCPｽﾐｶｽｰﾊﾟｰE6008",,"発注",,,,,,,,,,,,,,,,,,,,,,,,,,,,,,,,
"8-5232","LCPｽﾐｶｽｰﾊﾟｰE6008",,"納入",,,,,,,,,,,,,,,,,,,,,,,,,,,,,,,,
"8-5232","LCPｽﾐｶｽｰﾊﾟｰE6008",-6.2,"予定在庫",-6.2,-6.2,-6.2,-6.2,-6.2,-6.2,-6.2,-6.2,-6.2,-6.2,-6.2,-6.2,-6.2,-6.2,-6.2,-6.2,-6.2,-6.2,-6.2,-6.2,-6.2,-6.2,-6.2,-6.2,-6.2,-6.2,-6.2,-6.2,-6.2,-6.2,-6.2,-6.2
"8-5232","LCPｽﾐｶｽｰﾊﾟｰE6008",,"使用計画",,,,,,,,,,,,,,,,,,,,,,,,,,,,,,,,
"8-5232","LCPｽﾐｶｽｰﾊﾟｰE6008",,"発注計画",,,,,,,,,,,,,,,,,,,,,,,,,,,,,,,,
"8-5233","PBT 5010GN2-30X2 BK8E(黒)",,"実在庫",250.0,250.0,250.0,250.0,250.0,250.0,250.0,250.0,250.0,250.0,250.0,250.0,250.0,250.0,250.0,250.0,250.0,250.0,250.0,250.0,250.0,250.0,250.0,250.0,250.0,250.0,250.0,250.0,250.0,250.0,250.0,250.0
"8-5233","PBT 5010GN2-30X2 BK8E(黒)",,"実使用",,,,,,,,,,,,,,,,,,,,,,,,,,,,,,,,
"8-5233","PBT 5010GN2-30X2 BK8E(黒)",,"発注",,,,,,,,,,,,,,,,,,,,,,,,,,,,,,,,
"8-5233","PBT 5010GN2-30X2 BK8E(黒)",,"納入",,,,,,,,,,,,,,,,,,,,,,,,,,,,,,,,
"8-5233","PBT 5010GN2-30X2 BK8E(黒)",44.2,"予定在庫",148.6,148.6,148.6,148.6,148.6,148.6,148.6,148.6,148.6,148.6,148.6,148.6,148.6,148.6,148.6,148.6,148.6,148.6,148.6,135.6,135.6,135.6,135.6,122.5,109.5,96.4,83.4,70.3,70.3,70.3,57.3,44.2
"8-5233","PBT 5010GN2-30X2 BK8E(黒)",,"使用計画",104.4,,,,,,,,,,,,,,,,,,,13.1,,,,13.1,13.1,13.1,13.1,13.1,,,13.1,13.1
"8-5233","PBT 5010GN2-30X2 BK8E(黒)",,"発注計画",,,,,,,,,,,,,,,,,,,,,,,,,,,,,,,,
"8-5234","ﾌﾟﾗｲﾑPP J105G ﾅﾁｭﾗﾙ",,"実在庫",,,,,,,,,,,,,,,,,,,,,,,,,,,,,,,,
"8-5234","ﾌﾟﾗｲﾑPP J105G ﾅﾁｭﾗﾙ",,"実使用",,,,,,,,,,,,,,,,,,,,,,,,,,,,,,,,
"8-5234","ﾌﾟﾗｲﾑPP J105G ﾅﾁｭﾗﾙ",,"発注",,,,,,,,,,,,,,,,,,,,,,,,,,,,,,,,
"8-5234","ﾌﾟﾗｲﾑPP J105G ﾅﾁｭﾗﾙ",,"納入",,,,,,,,,,,,,,,,,,,,,,,,,,,,,,,,
"8-5234","ﾌﾟﾗｲﾑPP J105G ﾅﾁｭﾗﾙ",,"予定在庫",,,,,,,,,,,,,,,,,,,,,,,,,,,,,,,,
"8-5234","ﾌﾟﾗｲﾑPP J105G ﾅﾁｭﾗﾙ",,"使用計画",,,,,,,,,,,,,,,,,,,,,,,,,,,,,,,,
"8-5234","ﾌﾟﾗｲﾑPP J105G ﾅﾁｭﾗﾙ",,"発注計画",,,,,,,,,,,,,,,,,,,,,,,,,,,,,,,,
"8-5238","ﾌﾟﾗｲﾑPP J105G ﾅﾁｭﾗﾙ",,"実在庫",,,,,,,,,,,,,,,,,,,,,,,,,,,,,,,,
"8-5238","ﾌﾟﾗｲﾑPP J105G ﾅﾁｭﾗﾙ",,"実使用",,,,,,,,,,,,,,,,,,,,,,,,,,,,,,,,
"8-5238","ﾌﾟﾗｲﾑPP J105G ﾅﾁｭﾗﾙ",,"発注",,,,,,,,,,,,,,,,,,,,,,,,,,,,,,,,
"8-5238","ﾌﾟﾗｲﾑPP J105G ﾅﾁｭﾗﾙ",,"納入",,,,,,,,,,,,,,,,,,,,,,,,,,,,,,,,
"8-5238","ﾌﾟﾗｲﾑPP J105G ﾅﾁｭﾗﾙ",,"予定在庫",,,,,,,,,,,,,,,,,,,,,,,,,,,,,,,,
"8-5238","ﾌﾟﾗｲﾑPP J105G ﾅﾁｭﾗﾙ",,"使用計画",,,,,,,,,,,,,,,,,,,,,,,,,,,,,,,,
"8-5238","ﾌﾟﾗｲﾑPP J105G ﾅﾁｭﾗﾙ",,"発注計画",,,,,,,,,,,,,,,,,,,,,,,,,,,,,,,,
"8-5239","ｱｻｸﾘﾝ PF",,"実在庫",40.0,40.0,40.0,40.0,40.0,40.0,40.0,40.0,40.0,40.0,40.0,40.0,40.0,40.0,40.0,40.0,40.0,40.0,40.0,40.0,40.0,40.0,40.0,40.0,40.0,40.0,40.0,40.0,40.0,40.0,40.0,40.0
"8-5239","ｱｻｸﾘﾝ PF",,"実使用",,,,,,,,,,,,,,,,,,,,,,,,,,,,,,,,
"8-5239","ｱｻｸﾘﾝ PF",,"発注",,,,,,,,,,,,,,,,,,,,,,,,,,,,,,,,
"8-5239","ｱｻｸﾘﾝ PF",,"納入",,,,,,,,,,,,,,,,,,,,,,,,,,,,,,,,
"8-5239","ｱｻｸﾘﾝ PF",,"予定在庫",,,,,,,,,,,,,,,,,,,,,,,,,,,,,,,,
"8-5239","ｱｻｸﾘﾝ PF",,"使用計画",,,,,,,,,,,,,,,,,,,,,,,,,,,,,,,,
"8-5239","ｱｻｸﾘﾝ PF",,"発注計画",,,,,,,,,,,,,,,,,,,,,,,,,,,,,,,,
"8-5240","ｱｻｸﾘﾝ SL",,"実在庫",,,,,,,,,,,,,,,,,,,,,,,,,,,,,,,,
"8-5240","ｱｻｸﾘﾝ SL",,"実使用",,,,,,,,,,,,,,,,,,,,,,,,,,,,,,,,
"8-5240","ｱｻｸﾘﾝ SL",,"発注",,,,,,,,,,,,,,,,,,,,,,,,,,,,,,,,
"8-5240","ｱｻｸﾘﾝ SL",,"納入",,,,,,,,,,,,,,,,,,,,,,,,,,,,,,,,
"8-5240","ｱｻｸﾘﾝ SL",,"予定在庫",,,,,,,,,,,,,,,,,,,,,,,,,,,,,,,,
"8-5240","ｱｻｸﾘﾝ SL",,"使用計画",,,,,,,,,,,,,,,,,,,,,,,,,,,,,,,,
"8-5240","ｱｻｸﾘﾝ SL",,"発注計画",,,,,,,,,,,,,,,,,,,,,,,,,,,,,,,,
"8-5241","ｲﾃﾞﾐﾂPPS N501F3-S0507(ﾅﾁｭﾗﾙ)",,"実在庫",,,,,,,,,,,,,,,,,,,,,,,,,,,,,,,,
"8-5241","ｲﾃﾞﾐﾂPPS N501F3-S0507(ﾅﾁｭﾗﾙ)",,"実使用",,,,,,,,,,,,,,,,,,,,,,,,,,,,,,,,
"8-5241","ｲﾃﾞﾐﾂPPS N501F3-S0507(ﾅﾁｭﾗﾙ)",,"発注",,,,,,,,,,,,,,,,,,,,,,,,,,,,,,,,
"8-5241","ｲﾃﾞﾐﾂPPS N501F3-S0507(ﾅﾁｭﾗﾙ)",,"納入",,,,,,,,,,,,,,,,,,,,,,,,,,,,,,,,
"8-5241","ｲﾃﾞﾐﾂPPS N501F3-S0507(ﾅﾁｭﾗﾙ)",,"予定在庫",,,,,,,,,,,,,,,,,,,,,,,,,,,,,,,,
"8-5241","ｲﾃﾞﾐﾂPPS N501F3-S0507(ﾅﾁｭﾗﾙ)",,"使用計画",,,,,,,,,,,,,,,,,,,,,,,,,,,,,,,,
"8-5241","ｲﾃﾞﾐﾂPPS N501F3-S0507(ﾅﾁｭﾗﾙ)",,"発注計画",,,,,,,,,,,,,,,,,,,,,,,,,,,,,,,,
"8-5299","試作材",,"実在庫",,,,,,,,,,,,,,,,,,,,,,,,,,,,,,,,
"8-5299","試作材",,"実使用",,,,,,,,,,,,,,,,,,,,,,,,,,,,,,,,
"8-5299","試作材",,"発注",,,,,,,,,,,,,,,,,,,,,,,,,,,,,,,,
"8-5299","試作材",,"納入",,,,,,,,,,,,,,,,,,,,,,,,,,,,,,,,
"8-5299","試作材",,"予定在庫",,,,,,,,,,,,,,,,,,,,,,,,,,,,,,,,
"8-5299","試作材",,"使用計画",,,,,,,,,,,,,,,,,,,,,,,,,,,,,,,,
"8-5299","試作材",,"発注計画",,,,,,,,,,,,,,,,,,,,,,,,,,,,,,,,
"8-5601","K12ｻﾝﾌﾟﾙ用ｺﾝﾊﾟｳﾝﾄﾞ",,"実在庫",,,,,,,,,,,,,,,,,,,,,,,,,,,,,,,,
"8-5601","K12ｻﾝﾌﾟﾙ用ｺﾝﾊﾟｳﾝﾄﾞ",,"実使用",,,,,,,,,,,,,,,,,,,,,,,,,,,,,,,,
"8-5601","K12ｻﾝﾌﾟﾙ用ｺﾝﾊﾟｳﾝﾄﾞ",,"発注",,,,,,,,,,,,,,,,,,,,,,,,,,,,,,,,
"8-5601","K12ｻﾝﾌﾟﾙ用ｺﾝﾊﾟｳﾝﾄﾞ",,"納入",,,,,,,,,,,,,,,,,,,,,,,,,,,,,,,,
"8-5601","K12ｻﾝﾌﾟﾙ用ｺﾝﾊﾟｳﾝﾄﾞ",,"予定在庫",,,,,,,,,,,,,,,,,,,,,,,,,,,,,,,,
"8-5601","K12ｻﾝﾌﾟﾙ用ｺﾝﾊﾟｳﾝﾄﾞ",,"使用計画",,,,,,,,,,,,,,,,,,,,,,,,,,,,,,,,
"8-5601","K12ｻﾝﾌﾟﾙ用ｺﾝﾊﾟｳﾝﾄﾞ",,"発注計画",,,,,,,,,,,,,,,,,,,,,,,,,,,,,,,,
"8-5901","MagLastic NC65",,"実在庫",125.0,125.0,125.0,125.0,125.0,125.0,125.0,125.0,125.0,125.0,125.0,125.0,125.0,125.0,125.0,125.0,125.0,125.0,125.0,125.0,125.0,125.0,125.0,125.0,125.0,125.0,125.0,125.0,125.0,125.0,125.0,125.0
"8-5901","MagLastic NC65",,"実使用",,,,,,,,,,,,,,,,,,,,,,,,,,,,,,,,
"8-5901","MagLastic NC65",,"発注",,,,,,,,,,,,,,,,,,,,,,,,,,,,,,,,
"8-5901","MagLastic NC65",,"納入",,,,,,,,,,,,,,,,,,,,,,,,,,,,,,,,
"8-5901","MagLastic NC65",,"予定在庫",,,,,,,,,,,,,,,,,,,,,,,,,,,,,,,,
"8-5901","MagLastic NC65",,"使用計画",,,,,,,,,,,,,,,,,,,,,,,,,,,,,,,,
"8-5901","MagLastic NC65",,"発注計画",,,,,,,,,,,,,,,,,,,,,,,,,,,,,,,,
"8-6101","S4A-5M",,"実在庫",40.0,40.0,40.0,40.0,40.0,40.0,40.0,40.0,40.0,40.0,40.0,40.0,40.0,40.0,40.0,40.0,36.0,36.0,36.0,36.0,36.0,36.0,36.0,36.0,36.0,36.0,36.0,36.0,36.0,36.0,36.0,36.0
"8-6101","S4A-5M",,"実使用",4.0,,,,,,,,,,,,,,,,4.0,,,,,,,,,,,,,,,
"8-6101","S4A-5M",,"発注",,,,,,,,,,,,,,,,,,,,,,,,,,,,,,,,
"8-6101","S4A-5M",,"納入",,,,,,,,,,,,,,,,,,,,,,,,,,,,,,,,
"8-6101","S4A-5M",10.7,"予定在庫",35.5,35.5,35.5,35.5,35.5,35.5,35.5,35.5,35.5,35.5,35.5,35.5,35.5,35.5,35.5,35.5,35.5,27.2,19.0,10.7,10.7,10.7,10.7,10.7,10.7,10.7,10.7,10.7,10.7,10.7,10.7,10.7
"8-6101","S4A-5M",,"使用計画",24.8,,,,,,,,,,,,,,,,,8.3,8.3,8.3,,,,,,,,,,,,
"8-6101","S4A-5M",,"発注計画",,,,,,,,,,,,,,,,,,,,,,,,,,,,,,,,
